ID,Coding_Frame_ID,Index_Number,Coding_Set_ID,Argument_Type,Microrole_IDs
2710206975-1,2710206975,1,8083330622,A,82;19;21;23;25;27;31;33;73;70;192;35;39;41;43;51;59;79;88;91;97;112;128;150;205;170;190;199;76;85;29;45;61;118;202;11195634058;187
2710206975-2,2710206975,2,8083333934,P,83;20;22;24;26;28;32;34;74;71;193;36;40;42;52;60;77;80;89;92;98;113;86;129;206;171;191;200;151;30;63;119;203;7116077535;9656073602;11195635210;189
2891289685-1,2891289685,1,8083330622,S,176
2891289685-2,2891289685,2,8413631156,X,177
2960315448-1,2960315448,1,8083330622,S,29
2960315448-2,2960315448,2,8413062418,X,30
2960392624-1,2960392624,1,8083330622,A,56
2960392624-2,2960392624,2,8083333934,P,57
2960392624-3,2960392624,3,8455937228,X,58
2960409349-1,2960409349,1,8083330622,A,67
2960409349-2,2960409349,2,8083333934,P,68
2960409349-3,2960409349,3,8083333934,P,69
3064622350-1,3064622350,1,8083330622,S,37
3064622350-2,3064622350,2,8629353213,X,38
3291849142-1,3291849142,1,10622276343,A,128;131;88;85;82;79;76;73;67;170
3291849142-2,3291849142,2,10622278259,P,129;132;89;86;83;80;77;74;68;171
3291849142-3,3291849142,3,10622279983,I,130;133;90;87;84;81;78;75;69;172
3291880259-1,3291880259,1,10622276343,A,134;125;118;122;181;106;103;64;61;187
3291880259-2,3291880259,2,10622278259,P,135;126;119;123;182;107;104;66;63;188
3291880259-3,3291880259,3,10622292681,L,136;127;120;124;183;108;105;65;62;189
3291913773-1,3291913773,1,10622276343,A,115;109;112;178
3291913773-2,3291913773,2,10622278259,P,116;110;113;179
3291913773-3,3291913773,3,10622312500,X,117;111;114;180
3291957923-1,3291957923,1,10622276343,A,202;184;100;94;173;70;91;97
3291957923-2,3291957923,2,10622278259,P,203;185;101;95;174;71;92;99
3291957923-3,3291957923,3,10622341019,X,204;186;102;96;175;72;93;98
3292055457-1,3292055457,1,10622276343,S,59
3292055457-2,3292055457,2,10622401907,X,60
3292118303-1,3292118303,1,10622276343,A,56
3292118303-2,3292118303,2,10622278259,P,57
3292118303-3,3292118303,3,10622278259,P,58
3292150992-1,3292150992,1,10622276343,S,53
3292150992-2,3292150992,2,10622438672,X,55
3292150992-3,3292150992,3,10622440078,X,54
3292168913-1,3292168913,1,10622276343,A,35;25;23;31;33;39;51;49;19;43;41;147;21;27;45;176;190;192;8121425264;7115996676;7116049090
3292168913-2,3292168913,2,10622278259,P,36;26;24;32;34;40;52;50;20;44;42;7616795867;22;28;46;177;191;193;8121426468;7115998813;7116052880
3292202487-1,3292202487,1,10622276343,S,29;150
3292202487-2,3292202487,2,10622341019,X,30;151
3292227823-1,3292227823,1,10622276343,S,47;144;142;152;195
3292227823-2,3292227823,2,10622292681,L,48;145;143;153;8084158802
3292259875-1,3292259875,1,10622276343,S,138;157;160;198;163;137;154;155;161;162;164;165;166;167;169;194;158;168
3292266433-1,3292266433,1,10622276343,S,139;146;148;10623464055
3292266433-2,3292266433,2,10622312500,X,140;7670070097;149;10623465017
3295666191-1,3295666191,1,10622276343,S,141;37
3295666191-2,3295666191,2,10622438672,X,7669985914;38
3583778286-1,3583778286,1,8083330622,A,94
3583778286-2,3583778286,2,8083333934,P,95
3583778286-3,3583778286,3,8456466350,X,96
3624501224-1,3624501224,1,7911271655,A,19;35;25;31;34;43;205;192;190;39;176;91;27;21;76;41;147;137
3624501224-2,3624501224,2,7911276548,P,20;36;26;32;33;44;206;193;191;40;177;28;22;77;42;92;7616795867;10492975831
3645700762-1,3645700762,1,7911271655,A,106;103;187;61
3645700762-2,3645700762,2,7911276548,P,107;104;189;62
3645700762-3,3645700762,3,7911839146,X,108;105;188;63
3654929154-1,3654929154,1,7911271655,S,59;23;51;49;47
3654929154-2,3654929154,2,7911839146,X,60;24;52;50;48
3663393290-1,3663393290,1,7911271655,A,128;88;82;79;73;76;170
3663393290-2,3663393290,2,7911276548,P,129;89;83;80;74;77;171
3663393290-3,3663393290,3,7911308161,I,130;90;84;81;75;78;172
3663754241-1,3663754241,1,7911271655,S,29;150
3663754241-2,3663754241,2,7911750067,X,30;151
4237270435-1,4237270435,1,3721243445,A,128;184;100;85;76;192;94;173;61;56;53;35;25;170;97;176;91;23;29;33;51;49;47;37;19;202;41;139;147;118;31;190;205;199;73;103;82;79;181;88;21;27;70
4237270435-2,4237270435,2,3721244147,P,129;185;86;77;193;95;175;63;58;54;36;26;171;92;24;30;34;52;50;48;38;20;203;42;140;119;32;191;206;200;74;104;83;80;182;89;22;28;98;7616795867;71;101;9656042425
4238251136-1,4238251136,1,3721243445,X,155;164;154;162;197;198;195;138;141;146;161;59;137;196;15609470559;15609953866
4238289226-1,4238289226,1,3797857495,A,112;192;173;25;37;79;199;85;73;70;139;176;49;31;190;47;100;35;33;161;178;39;45;59;147;184;115;19;21;41;94;29;27;97;23;148;150
4238289226-2,4238289226,2,3797857495,P,113;193;174;38;26;80;200;86;74;71;140;177;50;32;191;48;101;36;34;179;40;46;60;185;116;20;22;42;95;30;28;7669238836;7616795867;98;24;149;151
4298676080-1,4298676080,1,3720896347,A,19;25;21;23;27;29;31;35;39;41;43;47;49;51;59;190;176;192;150;97;139;205;11196023910;11195634058
4298676080-2,4298676080,2,3720897935,P,20;26;22;24;28;30;32;36;40;42;44;48;50;52;60;191;177;193;151;140;206;98;11196032643;11195635210
4301873762-1,4301873762,1,3721088397,X,33
4301873762-2,4301873762,2,3720896347,S,34
4301902544-1,4301902544,1,3720896347,S,37
4301902544-2,4301902544,2,3721088397,X,38
4302032358-1,4302032358,1,3720896347,A,67
4302032358-2,4302032358,2,3720897935,P,68
4302032358-3,4302032358,3,3720897935,P,69
4302041977-1,4302041977,1,3720896347,A,170;73;76;85;88;79;82;7110108029;128;131;11194998855;11155669325
4302041977-2,4302041977,2,3720897935,P,171;74;77;86;89;80;83;7110109356;129;132;11195000452;11155672060
4302041977-3,4302041977,3,9907796986,I,172;75;78;87;90;81;84;7110110667;130;133;12706879364;11194916357
4323564222-1,4323564222,1,4522850980,S,138;141;146;147;160;198;158;163;168;137;162;165;166;167;194;7116049090
4323573057-1,4323573057,1,4522850980,A,88;85;79;82;76;73;170;176
4323573057-2,4323573057,2,4522863495,P,89;86;80;83;77;74;171;177
4323573057-3,4323573057,3,12101313760,I,90;87;81;84;78;75;172;7435113924
4323589689-1,4323589689,1,3720896347,S,
4323589689-2,4323589689,2,9907796986,I,
4323589689-3,4323589689,3,3721058926,X,
4332933120-1,4332933120,1,11237218450,A,122
4332933120-2,4332933120,2,4656228528,P,123
4332933120-3,4332933120,3,4656646213,L,124
4333019405-1,4333019405,1,3737373736,S,53
4333019405-2,4333019405,2,3737429844,X,54
4333019405-3,4333019405,3,3865748586,X,55
4333034006-1,4333034006,1,3737373736,S,64
4333034006-2,4333034006,2,3834142628,X,66
4333034006-3,4333034006,3,3737429844,X,65
4333093764-1,4333093764,1,3797285842,S,138;197;194;154;155;161;162;141;158;146;167;164;166;137;157;160;196;163
4333118670-1,4333118670,1,3797285842,S,152;139;142;148;144
4333118670-2,4333118670,2,5993900296,L,153;140;143;149;145
4757648034-1,4757648034,1,3720896347,A,181;187;100;103;106;109;56;61;64;45
4757648034-2,4757648034,2,3720897935,P,182;189;101;104;107;110;58;63;66;46
4757648034-3,4757648034,3,3721088397,X,183;188;102;105;108;111;57;62;65;9656073602
4757686076-1,4757686076,1,3720896347,A,199;70
4757686076-2,4757686076,2,3720897935,P,200;71
4757686076-3,4757686076,3,3721058926,X,201;72
4757696113-1,4757696113,1,3720896347,S,148;152;156;158;144;142
4757696113-2,4757696113,2,9907756370,L,149;153;157;145;159;143
4757700126-1,4757700126,1,3720896347,A,178;112;122;125;115
4757700126-2,4757700126,2,3720897935,P,179;113;123;126;116
4757700126-3,4757700126,3,9907756370,L,180;114;124;127;117
4757710632-1,4757710632,1,3720896347,S,138;141;146;147;155;160;162;163;167;198;197;196;195;137
4758013371-1,4758013371,1,3720896347,A,91;94;173;7110123211;202
4758013371-2,4758013371,2,3720897935,P,92;95;175;7110124323;203
4758013371-3,4758013371,3,3721129918,X,93;96;174;204;11566579214
4758038607-1,4758038607,1,3720896347,A,118
4758038607-2,4758038607,2,3720897935,P,119
4758038607-3,4758038607,3,3721088397,X,120
4758038607-4,4758038607,4,9907796986,I,121
4781364732-1,4781364732,1,3737373736,A,112
4781364732-2,4781364732,2,3737374710,P,113
4781364732-3,4781364732,3,3834109352,X,114
4781395547-1,4781395547,1,3737373736,A,128
4781395547-2,4781395547,2,3737374710,P,130
4781395547-3,4781395547,3,3737398058,X,129
4781499904-1,4781499904,1,3737373736,A,19;21;25;31;35;45;49;51;85;150;139;192;9656075558;147;11155669325;88;11195634058
4781499904-2,4781499904,2,3737374710,P,20;22;26;32;36;50;52;86;151;140;193;46;9656076668;7616795867;11155672060;89;11195635210
4781522458-1,4781522458,1,3737373736,S,23;59
4781522458-2,4781522458,2,3834109352,X,24;60
4781546520-1,4781546520,1,3737373736,A,91;97
4781546520-2,4781546520,2,3737374710,P,92;99
4781546520-3,4781546520,3,3796462633,X,93;98
4781763138-1,4781763138,1,3737373736,S,29
4781763138-2,4781763138,2,3737429844,X,30
4781771801-1,4781771801,1,3796490959,X,33;11798759422;11798812350;11799388833
4781771801-2,4781771801,2,3737373736,S,34;11798760263;11798813110;11799381977
4781833472-1,4781833472,1,3737373736,S,39
4781833472-2,4781833472,2,3892120804,X,40
4781863756-1,4781863756,1,3737373736,S,37
4781863756-2,4781863756,2,3865748586,X,38
4781880751-1,4781880751,1,3737373736,S,41;47;49;11687019484;11194998855
4781880751-2,4781880751,2,3796490959,X,42;48;50;7254820508;11195000452
4781888826-1,4781888826,1,3737373736,A,43
4781888826-2,4781888826,2,3737374710,P,44
4781888826-3,4781888826,3,3901128677,X,7116077535
4782020736-1,4782020736,1,3737373736,A,56
4782020736-2,4782020736,2,3737374710,P,57
4782020736-3,4782020736,3,3865748586,X,58
4782320758-1,4782320758,1,4522850980,A,128;122;134;115;181;112;106;125;109;43;187;178;103
4782320758-2,4782320758,2,4522863495,P,129;123;135;116;182;113;108;126;110;44;189;179;105
4782320758-3,4782320758,3,4522865593,L,130;124;136;117;183;114;107;127;111;188;180;104;7116077535
4782330525-1,4782330525,1,4522850980,A,131;118;184;91;94;70;173;100
4782330525-2,4782330525,2,4522863495,P,132;119;185;92;95;71;174;101
4782330525-3,4782330525,3,4522868025,X,133;120;186;93;96;72;175;102
4782372131-1,4782372131,1,3737373736,A,67
4782372131-2,4782372131,2,3737374710,P,68
4782372131-3,4782372131,3,3737374710,P,69
4782382762-1,4782382762,1,3737373736,A,70;94
4782382762-2,4782382762,2,3737374710,P,71;95
4782382762-3,4782382762,3,3834126263,X,72;96
4782397674-1,4782397674,1,3737373736,A,76;73;79;82;88;170
4782397674-2,4782397674,2,3737374710,P,77;74;80;83;89;171
4782397674-3,4782397674,3,3737389234,I,78;75;81;84;90;172
4782441781-1,4782441781,1,3737373736,A,100
4782441781-2,4782441781,2,3737374710,P,101
4782441781-3,4782441781,3,3892194840,X,102
4782463794-1,4782463794,1,3737373736,A,103;106;61;187;181
4782463794-2,4782463794,2,3796490959,X,105;108;62;188;183
4782463794-3,4782463794,3,3737374710,P,104;107;63;189;182
4782484004-1,4782484004,1,3737373736,A,109
4782484004-2,4782484004,2,3737374710,P,110
4782484004-3,4782484004,3,3901113250,X,111
4782582333-1,4782582333,1,3737373736,A,118
4782582333-2,4782582333,2,3737374710,P,119
4782582333-3,4782582333,3,3737389234,I,121
4782582333-4,4782582333,4,3737429844,X,120
4782625588-1,4782625588,1,3737373736,S,178
4782625588-2,4782625588,2,3796490959,X,179
4782625588-3,4782625588,3,3901128677,X,180
4782645899-1,4782645899,1,3737373736,A,131;173
4782645899-2,4782645899,2,3737374710,P,132;174
4782645899-3,4782645899,3,3796462633,X,133;175
4782652132-1,4782652132,1,3737373736,S,134;128
4782652132-2,4782652132,2,3796490959,X,135;130
4782652132-3,4782652132,3,3834109352,X,136;129
4782666572-1,4782666572,1,3737373736,S,141;146;154;155;160;162;163;164;165;166;167;196;137;161;169
4782700699-1,4782700699,1,3737373736,S,148
4782700699-2,4782700699,2,3834109352,X,149
4782723644-1,4782723644,1,3737373736,S,152;190;11799564624
4782723644-2,4782723644,2,3834200385,X,153;191;11799565613
4782734068-1,4782734068,1,3737374710,X,163;9527867100
4782744071-1,4782744071,1,3796490959,X,156
4782744071-2,4782744071,2,3834200385,X,157
4782758310-1,4782758310,1,3737374710,X,7254346864
4782758310-2,4782758310,2,3737374710,X,7254348428
4782769693-1,4782769693,1,3796490959,X,158;7254507971;7254825582;11799318033;11799693890;11799757801
4782773306-1,4782773306,1,11237218450,A,100;85;31;184;25;47;21;33;39;49;19;170;192;190;97;173;88;35;51;41;70;27;23;29;43;91;82;115;176;94;37;56;79;147
4782773306-2,4782773306,2,4656228528,P,101;86;32;185;26;48;22;34;40;50;20;171;193;191;175;89;36;52;42;71;28;24;30;44;92;83;116;95;38;98;9656042425;58;80;7616795867
4783041186-1,4783041186,1,3866239171,A,131;125;115;43;103;134
4783041186-2,4783041186,2,3866239171,P,133;126;116;7116077535;104;135
4783041186-3,4783041186,3,10504686003,X,132;127;117;44;105;136
4808501465-1,4808501465,1,3737373736,S,184
4808501465-2,4808501465,2,3796490959,X,185
4808501465-3,4808501465,3,7254492782,X,186
4808512782-1,4808512782,1,3798134060,A,19;41;39;192;170;45;176;178;51;31;131;199
4808512782-2,4808512782,2,3798303864,P,20;42;40;193;171;46;179;52;9656042425;32;132;200
4808518806-1,4808518806,1,3798318557,X,25;35;33;190;205
4808518806-2,4808518806,2,3798303864,I,26;36;34;191;206
4808529404-1,4808529404,1,3796490959,X,202
4808529404-2,4808529404,2,3737373736,S,203
4808529404-3,4808529404,3,7254492782,X,204
4808529704-1,4808529704,1,3798303864,I,29;23;53
4808529704-2,4808529704,2,3798439534,X,30;24;54
4808536204-1,4808536204,1,3737373736,S,7254801203;39
4808536204-2,4808536204,2,9527200416,X,7254801950;40
4808541111-1,4808541111,1,3737374710,X,9527228533
4808541111-2,4808541111,2,9527200416,X,9527230328
4808551488-1,4808551488,1,3737373736,S,9527365511
4808551488-2,4808551488,2,9527200416,X,11679500131
4808551488-3,4808551488,3,3834200385,X,9527367118
4808555050-1,4808555050,1,9527200416,X,9527413508;9527428225
4808571662-1,4808571662,1,3798134060,A,76;88;73
4808571662-2,4808571662,2,3798303864,P,77;89;74
4808571662-3,4808571662,3,3798394299,I,78;90;75
4808916071-1,4808916071,1,3737373736,S,27
4808916071-2,4808916071,2,3796462633,X,28
4837810705-1,4837810705,1,3798303864,I,197;160;158;162;166;163;164;195;144;165;194;161;142;167;146;154;157;10554041481
4837828829-1,4837828829,1,3798134060,X,47;21;61
4837828829-2,4837828829,2,3798318557,X,48;22;62
4837837229-1,4837837229,1,3798134060,X,64
4837837229-2,4837837229,2,3798439534,X,65
4837837229-3,4837837229,3,3857062946,X,66
4837856233-1,4837856233,1,3798134060,A,187;106;82;181;103;85;109;112;115;79
4837856233-2,4837856233,2,3798318557,X,188;108;83;183;105;86;111;7615629691;117;80
4837856233-3,4837856233,3,3798303864,P,189;107;84;182;104;87;110;113;116;81
4839029278-1,4839029278,1,4567000107,A,35;29;19;25;41;51;31;33;43;47;49;21;27;139;150;190;192;205;45;97
4839029278-2,4839029278,2,4567001063,P,36;30;20;26;42;52;32;34;44;48;50;22;28;140;151;191;193;206;46;98
4839039860-1,4839039860,1,4567000107,A,131;76;73;79;82;85;88;128;170;134
4839039860-2,4839039860,2,4567001063,P,132;77;74;80;83;86;89;129;171;136
4839039860-3,4839039860,3,4567009252,I,133;78;75;81;84;87;90;130;172;135
4839094640-1,4839094640,1,4567000107,S,23;148;150;8170811887
4839094640-2,4839094640,2,4567030827,X,24;7080018391;149;8170817823
4839142023-1,4839142023,1,4567000107,S,39
4839142023-2,4839142023,2,4567039175,X,40
4839227796-1,4839227796,1,4567000107,S,64
4839227796-2,4839227796,2,4567063362,X,65
4839227796-3,4839227796,3,15573211640,X,66
4839256494-1,4839256494,1,4567000107,A,61;106;103
4839256494-2,4839256494,2,4567063362,X,62;108;105
4839256494-3,4839256494,3,4567001063,P,63;107;104
4839263719-1,4839263719,1,4567000107,S,160;137;138;141;146;147;154;155;194;161;164;165;166;197;198;195;176;12273480264;158
4839270239-1,4839270239,1,4567000107,A,56
4839270239-2,4839270239,2,4567001063,P,57
4839270239-3,4839270239,3,4567001063,P,58
4839282971-1,4839282971,1,4567000107,S,59;155
4839282971-2,4839282971,2,4567937063,X,60;8074452597
4842107264-1,4842107264,1,3798134060,X,141;138
4842115440-1,4842115440,1,3798303864,I,49
4842115440-2,4842115440,2,3876606349,X,50
4842374522-1,4842374522,1,3798134060,A,100;94
4842374522-2,4842374522,2,9075623131,X,96;102
4842374522-3,4842374522,3,3798303864,P,101;95
4842403135-1,4842403135,1,3798134060,A,43;128
4842403135-2,4842403135,2,3798302261,X,7116077535;130
4842403135-3,4842403135,3,3798303864,P,44;129
4842836491-1,4842836491,1,4522850980,A,67;56
4842836491-2,4842836491,2,4522863495,P,68;57
4842836491-3,4842836491,3,4522863495,P,69;58
4842861538-1,4842861538,1,4522850980,A,35;25;51;23;31;29;33;49;47;19;41;139;157;21;27;37;39;59;97;190;45;192;7116049090;8121425264
4842861538-2,4842861538,2,4522863495,P,36;26;52;24;32;30;34;50;48;20;42;140;156;22;28;38;40;60;99;191;46;193;7116052880;8121426468
4842907006-1,4842907006,1,4522850980,A,61
4842907006-2,4842907006,2,4522863495,P,62
4842907006-3,4842907006,3,4522850980,X,63
4842955651-1,4842955651,1,4522850980,S,144;148;164
4842955651-2,4842955651,2,4522865593,L,145;149;7670003922
4842960265-1,4842960265,1,4522850980,S,142;152;195;154;161
4842960265-2,4842960265,2,12101313760,I,143;153;8084158802;7110048951;7669238836
4843025585-1,4843025585,1,4522850980,S,150
4843025585-2,4843025585,2,4522868025,X,151
4844097985-1,4844097985,1,11237218450,A,82;128;131;73;76
4844097985-2,4844097985,2,4656228528,P,83;129;132;74;77
4844097985-3,4844097985,3,4670431198,I,84;130;133;75;78
4844640706-1,4844640706,1,11237218450,S,139
4844640706-2,4844640706,2,4656646213,L,140
4844692082-1,4844692082,1,11237218450,S,163;154;158;146;166;161;167;165;194;138;141;160;162;169;155;164;137;53;15609953866
4844816615-1,4844816615,1,11237218450,S,156;152;142;144
4844816615-2,4844816615,2,4656646213,L,157;153;143;145
4867893054-1,4867893054,1,6996428779,A,91;94;173;184;100;70
4867893054-2,4867893054,2,4867889953,P,92;95;174;185;101;71
4867893054-3,4867893054,3,4867873939,X,93;96;175;186;102;72
4867943104-1,4867943104,1,6996428779,S,158;163;138;168;154;155;161;164;167;166;160;162;198;165;195;169;148;157
4867975791-1,4867975791,1,6996428779,S,23;59
4867975791-2,4867975791,2,4867978286,X,24;60
4867985804-1,4867985804,1,6996428779,A,106;181;103
4867985804-2,4867985804,2,4867889953,P,107;182;104
4867985804-3,4867985804,3,4867990112,X,108;183;105
4868002621-1,4868002621,1,6996428779,A,79;67;73;128;88;131;76;82;85
4868002621-2,4868002621,2,4867889953,P,80;68;74;129;89;132;77;83;86
4868002621-3,4868002621,3,4868010847,I,81;69;75;130;90;133;78;84;87
4868060585-1,4868060585,1,6996428779,A,139;49;31;47;35;51;25;147;41;39;45;43;137;21;27;37;19;33;97;7115996676;8121425264;7116049090;70
4868060585-2,4868060585,2,4867889953,P,140;50;32;48;36;52;26;42;40;46;44;22;28;38;20;34;98;7115998813;7616795867;8121426468;7116052880;71;7116077535;10492975831
4868175860-1,4868175860,1,6996428779,A,112;125;122;118;115;134;109
4868175860-2,4868175860,2,4867889953,P,113;126;123;119;116;135;110
4868175860-3,4868175860,3,4868174570,L,114;127;124;120;117;136;111
4868320170-1,4868320170,1,6996428779,S,29
4868320170-2,4868320170,2,4868010847,I,30
4868463105-1,4868463105,1,6996428779,S,141;142;152;146;144;8170811887
4868463105-2,4868463105,2,4868174570,L,143;153;145;7670070097;7669985914;8170817823
4868856329-1,4868856329,1,6996428779,S,150
4868856329-2,4868856329,2,4867873939,X,151
4869819450-1,4869819450,1,4867872503,X,53
4869819450-2,4869819450,2,4867978286,X,54
4869819450-3,4869819450,3,4869829538,X,55
4869892183-1,4869892183,1,6996428779,A,61;64;56
4869892183-2,4869892183,2,4867889953,P,63;66;58
4869892183-3,4869892183,3,4867978286,X,62;65;57
4876976047-1,4876976047,1,4522560507,A,94
4876976047-2,4876976047,2,4522560507,P,95
4876976047-3,4876976047,3,4522564811,X,96
4876983181-1,4876983181,1,4522560507,S,168;169;138;160;137;141;147;154;161;155;157;196;162;165;166;167;164;194;195;197;158;51;163;15609953866
4876985242-1,4876985242,1,4522560507,A,128;131;134;88;85;82;79;76;73;70;67;170;176;199
4876985242-2,4876985242,2,4522560507,P,129;132;136;89;86;83;80;77;74;71;68;171;177;200
4876985242-3,4876985242,3,4522576640,I,130;133;135;90;87;84;81;78;75;72;69;172;201;7435113924
4877070908-1,4877070908,1,4522560507,A,181;109;106;103;64;56
4877070908-2,4877070908,2,4522560507,P,182;110;107;104;66;58
4877070908-3,4877070908,3,4522609349,X,183;111;108;105;65;57
4877109634-1,4877109634,1,4522560507,A,184;100;56;91;202
4877109634-2,4877109634,2,4522560507,P,185;101;58;92;203
4877109634-3,4877109634,3,4522625188,X,186;102;57;93;204
4877126997-1,4877126997,1,4522560507,A,173
4877126997-2,4877126997,2,4522560507,P,174
4877126997-3,4877126997,3,4522629709,X,175
4877174351-1,4877174351,1,4522560507,S,61;59;187
4877174351-2,4877174351,2,4522576640,I,63;189;7668793482
4877174351-3,4877174351,3,4522609349,X,60;62;188
4877199126-1,4877199126,1,4522560507,A,35;25;31;33;205;19;27;43;41;76;23;37;39;47;49;21;97;139;150;176;178;190;85;192
4877199126-2,4877199126,2,4522560507,P,36;26;32;34;206;20;28;44;42;77;24;38;40;48;50;22;140;151;179;191;86;193;98;9656042425
4877275083-1,4877275083,1,4522560507,S,144
4877275083-2,4877275083,2,4522596500,L,145
4877347958-1,4877347958,1,4522560507,S,53
4877347958-2,4877347958,2,4522760200,X,55
4877347958-3,4877347958,3,4522609349,X,54
4877430031-1,4877430031,1,4522560507,A,118
4877430031-2,4877430031,2,4522560507,P,119
4877430031-3,4877430031,3,10624962527,L,120
4877430031-4,4877430031,4,4522576640,I,121
4878085582-1,4878085582,1,4568512665,A,94
4878085582-2,4878085582,2,4568512665,P,95
4878085582-3,4878085582,3,4568515797,X,96
4878089411-1,4878089411,1,4568512665,S,
4878089411-2,4878089411,2,4568520002,X,
4878093648-1,4878093648,1,4568512665,A,51;19;35;23;25;27;31;33;39;41;47;49;45;150;97;157;173;176;190;192;199;8121425264;7116049090;8170594644;11186758254;11186807662;11186826823;73;178
4878093648-2,4878093648,2,4568512665,P,52;20;36;24;26;28;32;34;40;42;48;50;46;151;156;175;177;191;193;200;8121426468;7116052880;8170595858;11186760009;11186809885;11186827994;74;179;98
4878102623-1,4878102623,1,4568512665,S,21;29;33;205;37;11281267785;11340504206;161
4878102623-2,4878102623,2,4568533346,I,22;30;34;206;38;11281269836;11340524256;7110096867
4878141903-1,4878141903,1,4568512665,A,122;112;181;115;125;97;134;173;11290720112;11290735072
4878141903-2,4878141903,2,4568512665,P,123;113;182;116;126;99;135;174;11290721614;11290735973
4878141903-3,4878141903,3,6813725698,L,124;114;183;117;127;136;98;175;11290737107;11981302357
4878152088-1,4878152088,1,4568512665,A,53;61;109
4878152088-2,4878152088,2,4568512665,P,55;63;110
4878152088-3,4878152088,3,4568577282,X,54;62;111
4878225804-1,4878225804,1,4568512665,A,56;67;43;70;73;76;79;82;85;88;103;115;128;131;170;187;106;11281235134;11281250091
4878225804-2,4878225804,2,4568512665,P,57;68;71;74;77;80;83;86;89;104;117;129;132;171;188;7116077535;108;11281239090;11281257294
4878225804-3,4878225804,3,4568533346,I,58;69;44;72;75;78;81;84;87;90;105;116;130;133;172;189;107;11281236507;11281253277
4878229208-1,4878229208,1,4568512665,S,160;138;141;164;154;162;163;165;166;167;194;195;196;197;152;137;11287369706;9605181051;11340679145;51
4878274886-1,4878274886,1,4568512665,S,150;139;142;144;152;146;11340658181;8170811887;11340582634;148;198
4878274886-2,4878274886,2,6813725698,L,151;140;143;145;153;7670070097;11340664042;8170817823;11340586473;149;8076134827
4878479388-1,4878479388,1,4568512665,A,91;184;202
4878479388-2,4878479388,2,4568512665,P,92;185;203
4878479388-3,4878479388,3,4568671396,X,93;186;204
4878487820-1,4878487820,1,4568512665,A,100
4878487820-2,4878487820,2,4568512665,P,101
4878487820-3,4878487820,3,4568702890,X,102
4878523578-1,4878523578,1,4568512665,S,181
4878523578-2,4878523578,2,4568795537,X,182
4878523578-3,4878523578,3,4568577282,X,183
4878546065-1,4878546065,1,4568512665,A,118
4878546065-2,4878546065,2,4568512665,P,119
4878546065-3,4878546065,3,4568515797,X,120
4878546065-4,4878546065,4,4568533346,I,121
4878681330-1,4878681330,1,4568512665,A,199
4878681330-2,4878681330,2,4568512665,P,200
4878681330-3,4878681330,3,4568795537,X,201
4878695448-1,4878695448,1,4568512665,S,33
4878695448-2,4878695448,2,4568577282,X,34
4886902670-1,4886902670,1,4445257393,S,187;112
4886902670-2,4886902670,2,4445258970,X,188;114
4886902670-3,4886902670,3,4445257393,X,189;113
4886907372-1,4886907372,1,4445257393,A,91;170;199;173;131;128;94;100;76;184;70;79;82;73
4886907372-2,4886907372,2,4445262885,P,92;171;200;174;132;129;95;101;77;185;71;80;83;74
4886907372-3,4886907372,3,4445263377,I,93;172;201;175;133;102;130;78;186;72;81;96;84;75
4886930312-1,4886930312,1,4445257393,A,39;41;19;88;21;31;37;25;176;97;43;11195634058;192
4886930312-2,4886930312,2,4445262885,P,40;42;20;89;22;32;38;26;177;98;44;11195635210;193
4886933032-1,4886933032,1,4445257393,S,138;155;198;167;141;146;160;161;194;197;147;157;169;27
4886935583-1,4886935583,1,4445257393,S,47;59;29;139;148;34
4886935583-2,4886935583,2,4445258970,X,48;60;30;140;149;33
4887002120-1,4887002120,1,4445258970,X,190;205;35;51;23
4887002120-2,4887002120,2,4445262885,X,191;206;36;52;24
4887104765-1,4887104765,1,4445257393,A,56
4887104765-2,4887104765,2,4445387613,X,57
4887104765-3,4887104765,3,4445262885,P,58
4887125969-1,4887125969,1,4445257393,S,53;85
4887125969-2,4887125969,2,4445258970,X,54;86
4887125969-3,4887125969,3,4445263377,I,55;87
4887167814-1,4887167814,1,4445257393,S,150;49
4887167814-2,4887167814,2,4445263377,I,151;50
4887270739-1,4887270739,1,4445262885,X,165
4895372581-1,4895372581,1,3796601994,A,128;131;125;181;106;103;100;61;56;53;184;187;122;134;91;202
4895372581-2,4895372581,2,3796648771,P,129;132;126;183;108;105;102;62;57;54;186;188;123;135;92;203
4895372581-3,4895372581,3,3796630176,X,130;133;127;182;107;104;101;63;58;55;185;189;124;136;93;204
4895958268-1,4895958268,1,3796601994,A,122;115;118;125;178
4895958268-2,4895958268,2,3796648771,P,123;116;120;126;179
4895958268-3,4895958268,3,3900819357,L,124;117;119;127;180
4895999026-1,4895999026,1,3796601994,A,112;109;64;67
4895999026-2,4895999026,2,11921258534,X,114;111;65;68
4895999026-3,4895999026,3,3796648771,P,113;110;66;69
4896036279-1,4896036279,1,3796601994,A,173;35;25;51;31;29;33;205;39;47;19;43;41;21;97;45;190;37;59;49;181;27;94;150;170;176;192;157
4896036279-2,4896036279,2,3796648771,P,174;36;26;52;32;30;34;206;40;48;20;44;42;22;46;191;38;60;50;28;95;151;171;177;193;182;156;99
4896053556-1,4896053556,1,3796601994,A,88;85;79;76;73;70;199;82
4896053556-2,4896053556,2,3796648771,P,89;86;80;77;74;71;200;83
4896053556-3,4896053556,3,11921385157,I,90;87;81;78;75;72;201;84
4896240073-1,4896240073,1,3796601994,S,23
4896240073-2,4896240073,2,3796750606,X,24
4896296132-1,4896296132,1,3796601994,S,141;146;195;147;160;198;163;164;155;157;158;154;162;165;167;137;161;196;166;169;138;197;194
4896298101-1,4896298101,1,3796601994,S,139;142;144;148;150;152;195
4896298101-2,4896298101,2,3900819357,L,140;143;145;149;151;153;8084158802
4904094719-1,4904094719,1,11237218450,A,106;103
4904094719-2,4904094719,2,4656228528,P,108;104
4904094719-3,4904094719,3,4656228528,P,107;105
4904342921-1,4904342921,1,11237218450,S,148;150
4904342921-2,4904342921,2,4656390860,X,149;7080018391
4904433950-1,4904433950,1,11237218450,A,109;61;118;181
4904433950-2,4904433950,2,4656390860,X,111;62;120;183
4904433950-3,4904433950,3,4656228528,P,110;63;119;182
4965561699-1,4965561699,1,4522850980,S,53
4965561699-2,4965561699,2,4522925402,X,54
4965561699-3,4965561699,3,12101313760,I,55
5206065171-1,5206065171,1,3797857495,S,197;195;196;167;162;163;194;166;138;198;158;156;146;154;141;155;160;165;169;137
5216958329-1,5216958329,1,5240987739,A,190;19;112;184;100;94;73;70;199;59;25;23;37;33;39;51;49;118;41;192;176;150;97;178;122;27;21;45;109;170;31;11196023910
5216958329-2,5216958329,2,5240988877,P,191;20;113;185;101;95;74;71;200;60;26;24;38;34;40;52;50;119;42;193;151;98;179;123;28;22;110;171;32;9656073602;9656042425;11196032643;111
5217949194-1,5217949194,1,5240987739,X,106;61
5217949194-2,5217949194,2,5241072923,X,107;63
5217949194-3,5217949194,3,5241240766,X,108;62
5218007829-1,5218007829,1,5240987739,A,128;131;88;76;79;82;43;125;85
5218007829-2,5218007829,2,5240988877,P,129;132;89;77;80;83;44;126;86
5218007829-3,5218007829,3,5241027869,I,130;133;90;78;81;84;7193130664;87;7116077535
5232440547-1,5232440547,1,5240987739,A,91;112;181;109;103;134
5232440547-2,5232440547,2,5240988877,P,92;113;182;110;104;135
5232440547-3,5232440547,3,5241181180,X,114;183;111;105;136;9587654790
5232509389-1,5232509389,1,5240987739,A,91
5232509389-2,5232509389,2,5240988877,P,92
5232509389-3,5232509389,3,5241408394,X,93
5232805269-1,5232805269,1,5240988877,S,35
5232805269-2,5232805269,2,5241072923,X,36
5232869690-1,5232869690,1,5291654559,X,37;141;146;195;198;194;166;197;154;161;155;165;138;7116049090;128
5232930765-1,5232930765,1,5240987739,X,47;187;134
5232930765-2,5232930765,2,10685486466,X,48;188;135
5233015164-1,5233015164,1,5240988877,S,160;142;163;148;167;196;162;29;158;152;157
5233146478-1,5233146478,1,5240987739,X,150
5233146478-2,5233146478,2,5241072923,X,151
5233183775-1,5233183775,1,5240987739,A,202;173;134
5233183775-2,5233183775,2,5240988877,P,203;174;135
5233183775-3,5233183775,3,5241066089,L,204;175;136
5234890587-1,5234890587,1,4868439140,X,
5234890587-2,5234890587,2,4867872503,X,
5310432996-1,5310432996,1,11237218450,A,125;134
5310432996-2,5310432996,2,4656228528,P,126;135
5310432996-3,5310432996,3,4656646213,L,127;136
5310649687-1,5310649687,1,4656390860,X,7670045716
5310952717-1,5310952717,1,11237218450,A,178;61;112
5310952717-2,5310952717,2,4656228528,P,179;63;113
5310952717-3,5310952717,3,4656390860,X,180;62;114
5311493484-1,5311493484,1,11237218450,A,187
5311493484-2,5311493484,2,4656228528,P,189
5311493484-3,5311493484,3,4656231573,X,188
5362499618-1,5362499618,1,4567000107,A,134;100
5362499618-2,5362499618,2,4567001063,P,135;101
5362499618-3,5362499618,3,4567937063,X,136;102
5371446322-1,5371446322,1,7080879189,A,91;184
5371446322-2,5371446322,2,7192646225,X,93;186
5371446322-3,5371446322,3,7080881783,P,92;185
5371461865-1,5371461865,1,7080879189,A,19;21;23;29;31;33;35;37;39;41;45;47;85;100;139;147;150;170;176;178;190;173;192;97;94
5371461865-2,5371461865,2,7080881783,P,20;22;24;30;32;34;36;38;40;42;46;48;86;101;140;151;171;177;179;191;7616795867;175;193;98;96
5378746433-1,5378746433,1,4567000107,S,37;152
5378746433-2,5378746433,2,4567121938,X,38;153
5379220181-1,5379220181,1,4567000107,S,53
5379220181-2,5379220181,2,4567359949,X,54
5379220181-3,5379220181,3,4567039175,X,55
5421193866-1,5421193866,1,4567000107,A,70;91;94;184;199
5421193866-2,5421193866,2,4567001063,P,71;92;95;185;200
5421193866-3,5421193866,3,4567104644,X,72;93;96;186;201
5421395022-1,5421395022,1,4567000107,A,109;112;181
5421395022-2,5421395022,2,4567001063,P,110;113;182
5421395022-3,5421395022,3,4567030827,X,111;114;183
5542672087-1,5542672087,1,4567000107,A,67;187
5542672087-2,5542672087,2,4567001063,P,68;188
5542672087-3,5542672087,3,4567001063,P,69;189
5655417010-1,5655417010,1,10650024545,A,41;205;202;91;112;31;33;35;39;43;47;49;125;128;131;139;142;144;148;150;152;70;199;73;76;79;82;19;23;25;27;88;176;192;184;178;170;94;100;51;11155669325;190
5655417010-2,5655417010,2,10650024545,P,42;206;203;92;113;32;34;36;40;44;48;50;126;129;132;140;143;145;149;151;153;71;200;74;77;80;83;20;24;26;28;89;177;193;185;179;171;95;101;52;11155672060;191
5655420783-1,5655420783,1,10650024545,S,167;147;160;161;138;154;168;146;141;156;196;158;169;163;198;197;194;162
5748949939-1,5748949939,1,10650024545,A,103;106;181;109;61
5748949939-2,5748949939,2,10650034039,X,105;108;183;111;62
5748949939-3,5748949939,3,10650024545,P,104;107;182;110;63
5748964459-1,5748964459,1,10650024545,S,29;37;85
5748964459-2,5748964459,2,10650045224,X,30;38;86
5749008211-1,5749008211,1,10650024545,A,56;118;115;122;134
5749008211-2,5749008211,2,10650024545,P,58;119;116;123;136
5749008211-3,5749008211,3,10650045224,X,57;120;117;124;135
5781075063-1,5781075063,1,10650024545,S,64
5781075063-2,5781075063,2,10650045224,X,65
5781075063-3,5781075063,3,12212658581,X,66
5819272005-1,5819272005,1,5819277716,A,19;21;23;25;27;29;31;33;35;37;39;41;43;45;47;49;59;97;139;150;156
5819272005-2,5819272005,2,5819277716,P,20;22;24;26;28;30;32;34;36;38;40;42;44;48;50;60;98;140;151;157;46
5838337483-1,5838337483,1,5819277716,S,64
5838337483-2,5838337483,2,12378177271,X,66
5838337483-3,5838337483,3,5838343599,X,65
5838360848-1,5838360848,1,5819277716,A,67;61;56
5838360848-2,5838360848,2,5819277716,P,68;62;57
5838360848-3,5838360848,3,5819277716,P,69;63;58
5838379629-1,5838379629,1,5819277716,A,70;73;76;79;82;85;88;128;131
5838379629-2,5838379629,2,5819277716,P,71;74;77;80;83;86;89;129;132
5838379629-3,5838379629,3,5838384713,I,72;75;78;81;84;87;90;130;133
5838440395-1,5838440395,1,5819277716,A,94;91;100
5838440395-2,5838440395,2,5819277716,P,95;92;101
5838440395-3,5838440395,3,5838448248,X,96;93;102
5838500332-1,5838500332,1,5819277716,A,103;106;109;112;115;125;134
5838500332-2,5838500332,2,5819277716,P,104;107;110;113;116;126;135
5838500332-3,5838500332,3,5838505862,X,105;108;111;114;117;127;136
5838582650-1,5838582650,1,5819277716,A,118
5838582650-2,5838582650,2,5819277716,P,119
5838582650-3,5838582650,3,5838505862,X,120
5838582650-4,5838582650,4,5838384713,I,121
5838594068-1,5838594068,1,5819277716,A,122
5838594068-2,5838594068,2,5819277716,P,123
5838594068-3,5838594068,3,5838596319,L,124
5856403388-1,5856403388,1,5819277716,S,138;141;146;147;154;155;158;160;161;162;163;164;165;166;167;169;137
5871813350-1,5871813350,1,15573214929,X,63;66
5871813350-2,5871813350,2,3797285842,A,61;64
5871813350-3,5871813350,3,3797305343,P,62;65
5993124311-1,5993124311,1,3797285842,A,94;27;37;59;190;49;47;21;33;176;31;41;51;19;23;25;205;39;29;150;202;35;165;147;15609963241
5993124311-2,5993124311,2,3797305343,P,95;28;38;60;191;50;48;22;34;177;32;42;52;20;24;26;206;40;30;151;36;203;9837873715;7616795867;15609953866
5993173751-1,5993173751,1,3797285842,A,131;76;82;85;88;128;202;199;7668039894;70;192;170;112;73;11339963917
5993173751-2,5993173751,2,3797305343,P,132;77;98;83;86;89;129;203;200;71;193;171;113;74;11339964864
5993173751-3,5993173751,3,3797300043,I,133;78;97;84;87;90;72;201;130;204;172;7426927696;7650593880;75;11339980032
5993180748-1,5993180748,1,3797285842,A,118
5993180748-2,5993180748,2,3797305343,P,119
5993180748-3,5993180748,3,3797305343,P,120
5993180748-4,5993180748,4,3797300043,I,121
5993264997-1,5993264997,1,3797285842,A,103;187;184;125;134;109;122;181;106;79;56;91;115;100
5993264997-2,5993264997,2,3797305343,P,104;189;185;126;135;110;123;182;107;81;58;92;116;101
5993264997-3,5993264997,3,3797305343,P,105;188;186;127;136;111;124;183;108;80;57;93;117;102
5993518069-1,5993518069,1,3797285842,A,43;53;67
5993518069-2,5993518069,2,3797305343,P,44;54;68
5993518069-3,5993518069,3,3797285842,X,7116077535;55;69
6079839742-1,6079839742,1,3720896347,A,134
6079839742-2,6079839742,2,3720897935,P,135
6079839742-3,6079839742,3,3901186743,X,136
6079872551-1,6079872551,1,3720896347,S,150
6079872551-2,6079872551,2,3721129918,X,151
6079872551-3,6079872551,3,7080023667,X,7080018391
6079880539-1,6079880539,1,3720896347,S,154
6079880539-2,6079880539,2,3721058926,X,7110048951
6079889985-1,6079889985,1,3720896347,S,161
6079889985-2,6079889985,2,9907796986,I,7110096867
6171973400-1,6171973400,1,3866239171,A,45;128;118;181;10504768528;184;173;88;85;79;73;70;35;23;31;29;33;39;51;49;47;19;41;131;82;76;56;139;68;192;176;170;190;21;199;97;178;202;187;205;27;161;100;94;112;11155669325;25
6171973400-2,6171973400,2,3866239171,P,46;129;119;182;10504770013;185;175;89;86;80;74;71;36;24;32;30;34;40;52;50;48;20;42;132;83;77;58;140;69;193;9656042425;171;191;22;200;98;179;203;189;206;28;8170662746;101;95;113;11155672060;26
6172675768-1,6172675768,1,3866239171,A,134;122
6172675768-2,6172675768,2,3866239171,P,135;123
6172675768-3,6172675768,3,10504700065,L,136;124
6225257568-1,6225257568,1,3866239171,S,160;59;155;138;141;146;148;147;196;198;158;163;137;197;164;165;167;169;162;195;154;37;150;194;166;156;9605181051
6225279937-1,6225279937,1,3866239171,S,64
6225279937-2,6225279937,2,10504686003,X,65
6225279937-3,6225279937,3,10512735274,X,66
6225288433-1,6225288433,1,3866239171,S,61
6225288433-2,6225288433,2,10504686003,X,62
6225288433-3,6225288433,3,10512803264,X,63
6225294905-1,6225294905,1,3866239171,S,53
6225294905-2,6225294905,2,10512826651,X,54
6225294905-3,6225294905,3,10512803264,X,55
6225561761-1,6225561761,1,3866239171,S,142;152;195;144
6225561761-2,6225561761,2,10504700065,L,143;153;8084158802;145
6225672924-1,6225672924,1,3866239171,A,184;91
6225672924-2,6225672924,2,3866239171,P,185;92
6225672924-3,6225672924,3,10513407538,X,186;93
6225713117-1,6225713117,1,3866239171,A,109;106;61
6225713117-2,6225713117,2,3866239171,P,111;108;62
6225713117-3,6225713117,3,3866239171,P,110;107;63
6328438275-1,6328438275,1,4567000107,A,115;122;125;178
6328438275-2,6328438275,2,4567001063,P,116;123;126;179
6328438275-3,6328438275,3,6381995994,L,117;124;127;180
6329065044-1,6329065044,1,10561673899,X,163;162;167;169;196
6329221588-1,6329221588,1,4567000107,S,156
6329221588-2,6329221588,2,4567104644,X,157
6329469076-1,6329469076,1,4567000107,A,173
6329469076-2,6329469076,2,4567001063,P,174
6329469076-3,6329469076,3,4567039175,X,175
6329608060-1,6329608060,1,4567000107,S,202
6329608060-2,6329608060,2,4567937063,X,203
6329608060-3,6329608060,3,4567104644,X,204
6345176521-1,6345176521,1,8455654874,A,19;23;25;31;34;35;37;39;41;197;199;134;47;195;21;27;45;49;51;59;61;70;73;76;79;85;88;94;97;100;109;112;115;118;128;139;147;154;157;170;173;176;178;181;184;190;192;133;7650195112;131;11155669325;11194998855;11196023910
6345176521-2,6345176521,2,8455654874,P,20;24;26;32;33;36;38;40;42;200;48;22;28;50;52;60;63;71;74;77;80;86;89;95;98;101;110;113;116;119;129;132;135;140;156;171;179;182;185;193;46;7617604282;7617558915;177;7616795867;7110048951;175;11155672060;11195000452;11196032643;191
6345308937-1,6345308937,1,8455654874,A,122;125;43
6345308937-2,6345308937,2,8455654874,P,123;126;7116077535
6345308937-3,6345308937,3,8456434897,L,124;127;44
6345501137-1,6345501137,1,8455654874,I,64
6345501137-2,6345501137,2,9603168343,X,66
6345525831-1,6345525831,1,8455654874,A,61;9621156705
6345525831-2,6345525831,2,8455654874,P,62;9621164766
6345525831-3,6345525831,3,9603168343,X,63;9838052436
6345635763-1,6345635763,1,8455654874,A,187;202;103
6345635763-2,6345635763,2,8455654874,P,188;204;104
6345635763-3,6345635763,3,8455654874,I,189;203;105
6345739889-1,6345739889,1,8455654874,I,137;138;141;146;160;161;167;194;198;53;165;9604532920;9605181051
6345751654-1,6345751654,1,8455654874,A,106
6345751654-2,6345751654,2,8455654874,P,107
6345751654-3,6345751654,3,8515421225,X,108
6345858014-1,6345858014,1,8455654874,I,142;148;152;150;9621156705
6345858014-2,6345858014,2,8456434897,L,143;149;153;151;9621164766
6346264702-1,6346264702,1,8455654874,I,196;163;158;30
6346296240-1,6346296240,1,6633677756,S,195;169;167;163;196;162;137;194;166;138;197;160;176;158;154;164;141;155;147;165;161;51;157;15609953866
6346375907-1,6346375907,1,6633677756,A,79;73;88;131;82;76;134;85;109;125;112;199;122
6346375907-2,6346375907,2,6633711174,P,80;74;89;132;83;77;136;86;110;126;113;200;123
6346375907-3,6346375907,3,6633856173,I,81;75;90;133;84;78;135;87;111;127;114;201;124
6347398986-1,6347398986,1,6633677756,A,181;106;103;64;187;56
6347398986-2,6347398986,2,6633711174,P,183;108;104;65;188;57
6347398986-3,6347398986,3,6639267384,X,182;107;105;66;189;58
6347428233-1,6347428233,1,6633677756,S,139;198;148;146;150;152;142;37;144
6347428233-2,6347428233,2,6633856173,I,140;149;151;153;143;38;7670070097;8076134827;145
6347700008-1,6347700008,1,6633677756,A,192;43;29;49;31;170;190;47;21;35;33;23;97;39;41;202;25;59;27;184;91;205;173;178;70;128;19;53;94;61;115;118;100;67
6347700008-2,6347700008,2,6633711174,P,193;44;30;50;32;171;191;48;22;36;34;24;98;40;42;203;26;60;28;185;92;206;174;179;71;129;20;54;95;62;116;119;101;68
6354922871-1,6354922871,1,3721243445,A,131;187;79;67;115
6354922871-2,6354922871,2,3721244147,P,132;188;80;68;117
6354922871-3,6354922871,3,3789109199,I,133;69;189;81;116
6354998385-1,6354998385,1,3721243445,A,125;115;112;178;39
6354998385-2,6354998385,2,3721244147,P,126;116;113;179;40
6354998385-3,6354998385,3,3721247635,L,127;117;114;180;8203157101
6355294063-1,6355294063,1,12032307932,S,194;165;166;167;157;198;158;160;163
6355463487-1,6355463487,1,3721243445,X,64
6355463487-2,6355463487,2,7669523136,X,66
6355572301-1,6355572301,1,3721243445,X,144;152;142
6355572301-2,6355572301,2,3721247635,L,145;153;143
6380076923-1,6380076923,1,7911271655,S,139;142;148;152;195;144;198
6380076923-2,6380076923,2,7911602239,L,140;143;149;153;8084158802;145;8076134827
6380129586-1,6380129586,1,7911271655,S,138;141;146;160;158;163;162;164;167;165;155;196;194;169;166;157;197;15609953866
6406943077-1,6406943077,1,6406965397,A,128;131;88;82;79;76;73;45;19;67;41;176;31
6406943077-2,6406943077,2,6406973644,P,129;132;89;83;80;77;74;46;20;68;42;32;9656042425
6406943077-3,6406943077,3,6406975137,I,130;133;90;84;81;78;75;7116151319;7425365987;69;7435077618;7435113924;7650247542
6407016531-1,6407016531,1,6406965397,A,100;94;97
6407016531-2,6407016531,2,6406973644,P,101;95;98
6407016531-3,6407016531,3,7115419229,X,102;96;99
6442983281-1,6442983281,1,7911271655,A,134;115;178;118;122;131;125;181;112;109
6442983281-2,6442983281,2,7911276548,P,135;116;179;119;123;127;132;182;113;110
6442983281-3,6442983281,3,7911602239,L,136;117;180;120;124;126;133;183;114;111
6443076608-1,6443076608,1,7918806868,X,67
6443076608-2,6443076608,2,7911276548,X,68
6443076608-3,6443076608,3,7918806868,X,69
6449870493-1,6449870493,1,7918806868,X,59
6449870493-2,6449870493,2,8083292411,X,60
6449956696-1,6449956696,1,7911271655,S,53
6449956696-2,6449956696,2,7918947154,X,54
6449956696-3,6449956696,3,7918951689,X,55
6449982358-1,6449982358,1,7911271655,S,37
6449982358-2,6449982358,2,7918951689,X,38
6451070858-1,6451070858,1,7911271655,S,27
6451070858-2,6451070858,2,12214850048,X,28
6535919183-1,6535919183,1,6441812133,A,181;109;61;187;56
6535919183-2,6535919183,2,6441825992,P,182;110;62;188;57
6535919183-3,6535919183,3,6442343122,X,183;111;63;189;58
6536019979-1,6536019979,1,6441812133,A,23;25;27;29;31;33;21;19;49;51;70;184;82;85;91;202;100;115;173;176;190;192;199;150;178;94;47;41;112;97;59;155
6536019979-2,6536019979,2,6441825992,P,24;26;28;30;32;34;22;20;50;52;71;185;83;86;92;203;101;116;177;191;193;200;151;179;95;48;42;175;113;99;7668793482;12991663425
6536020144-1,6536020144,1,3902121070,S,157;51;138;141;158;160;163;195;196;197;162;155;150
6536020182-1,6536020182,1,4445258970,X,162;196;163;158;166
6536020254-1,6536020254,1,3833974892,A,19;21;23;29;33;35;39;41;45;47;49;70;73;76;82;85;100;141;170;173;176;178;184;31;97;190
6536020254-2,6536020254,2,3892270291,P,20;22;24;30;34;36;40;42;46;48;50;71;74;77;83;86;101;7669985914;171;175;177;179;185;32;98;191;174
6536020267-1,6536020267,1,3833974892,A,43;53;56;61;103;106;109;112;115;118;122;125;128;134;176;181;187
6536020267-2,6536020267,2,3833976654,L,44;54;57;62;105;108;111;114;117;120;124;127;129;136;183;188;7980259640
6536020267-3,6536020267,3,3892270291,P,7116077535;55;58;63;104;107;110;113;116;119;123;126;130;135;182;189;9656042425
6536020270-1,6536020270,1,3833974892,S,49;47;142;144;148;152;59
6536020270-2,6536020270,2,3833976654,L,50;48;143;145;149;153;60
6536020279-1,6536020279,1,3833974892,A,67
6536020279-2,6536020279,2,3892270291,P,68
6536020279-3,6536020279,3,3834057362,X,69
6536020292-1,6536020292,1,3833974892,A,91
6536020292-2,6536020292,2,3892473043,X,93
6536020292-3,6536020292,3,3892270291,P,92
6536020308-1,6536020308,1,3833974892,A,131;79;82;88;170
6536020308-2,6536020308,2,3892270291,P,132;80;83;89;171
6536020308-3,6536020308,3,3833984981,I,133;81;84;90;172
6536020310-1,6536020310,1,3833974892,S,137;146;147;154;155;158;160;161;162;164;165;166;167;168;194;138;163;27;37
6536020312-1,6536020312,1,3833974892,S,139
6536020312-2,6536020312,2,3901611320,X,140
6536020319-1,6536020319,1,3833974892,S,150
6536020319-2,6536020319,2,3892473043,X,151
6536020323-1,6536020323,1,3833974892,S,156
6536020323-2,6536020323,2,3833974892,X,157
6536020345-1,6536020345,1,3866174560,X,190
6536020345-2,6536020345,2,3833974892,S,191
6536020369-1,6536020369,1,3996924451,A,106
6536020369-2,6536020369,2,3997036702,X,107
6536020369-3,6536020369,3,3996927147,P,108
6536020371-1,6536020371,1,3996924451,A,70;173;91;202
6536020371-2,6536020371,2,3996927147,P,71;174;92;203
6536020371-3,6536020371,3,3997056735,X,72;175;93;204
6536020382-1,6536020382,1,3996924451,S,59;34
6536020382-2,6536020382,2,3996956227,X,60;33
6536020385-1,6536020385,1,3996924451,A,53
6536020385-2,6536020385,2,3996931849,I,54
6536020385-3,6536020385,3,3996927147,P,55
6536020386-1,6536020386,1,3996924451,S,35;49
6536020386-2,6536020386,2,3997036702,X,36;50
6536020389-1,6536020389,1,3996924451,S,23
6536020389-2,6536020389,2,3997201078,X,24
6536020393-1,6536020393,1,3996924451,S,39;37
6536020393-2,6536020393,2,3997053139,X,40;38
6536020485-1,6536020485,1,3797065782,P,186;123;105;62;188;108;119
6536020485-2,6536020485,2,6805536151,A,184;122;103;118;61;187;106
6536020485-3,6536020485,3,6805462756,L,185;124;104;63;189;107;120
6536020486-1,6536020486,1,3797065782,P,48;89;193;191;57;28;71;200;179;101;113;126;24;26;151;98;92;203;20;65;68;44;38;95;86;77;60;80;46;30;83;116;36;50;129;182;174;40;206;32;22;132;74;135;42;33;176
6536020486-2,6536020486,2,6805536151,A,47;88;192;190;56;27;70;199;178;100;112;125;23;25;150;97;91;202;19;64;67;43;37;94;85;76;59;79;45;29;82;115;35;49;128;181;173;39;205;31;21;131;73;134;41;34;177
6536020487-1,6536020487,1,6805536151,S,158;148;198;141;196;146;197;194;164;161;147;154;160;163;166;167;195;138;155;137;156;157;162;176;165;144
6536020500-1,6536020500,1,6805536151,S,142;19;139
6536020500-2,6536020500,2,6805462756,L,143;20;140
6536020532-1,6536020532,1,3797065782,P,54
6536020532-2,6536020532,2,6805536151,A,53
6536020532-3,6536020532,3,3797068408,X,55
6536020573-1,6536020573,1,4522560507,S,29
6536020573-2,6536020573,2,4522625188,X,30
6536020574-1,6536020574,1,6995275355,A,106;91;187;67;56
6536020574-2,6536020574,2,6995275355,P,108;92;188;68;58
6536020574-3,6536020574,3,6995383806,X,107;93;189;69;57
6536020575-1,6536020575,1,6995275355,A,61
6536020575-2,6536020575,2,6995275355,P,63
6536020575-3,6536020575,3,6995344858,X,62
6536020576-1,6536020576,1,6995275355,A,70;103;85;118;128;82;199
6536020576-2,6536020576,2,6995441528,I,72;104;87;121;130;84;201
6536020576-3,6536020576,3,6995275355,P,71;105;86;119;129;83;200
6536020577-1,6536020577,1,6995275355,S,148;11340599936
6536020577-2,6536020577,2,6995534247,X,149;11340601242
6536020578-1,6536020578,1,6995275355,S,152
6536020578-2,6536020578,2,6995383806,X,153
6536020579-1,6536020579,1,6995275355,S,155;160;165;166;167;194;198;197;138;141;147;154;158;161;163;196;146;164;162;192
6536020580-1,6536020580,1,6995275355,S,43;195
6536020580-2,6536020580,2,6995344858,X,44;8084158802
6536020581-1,6536020581,1,6995275355,S,37
6536020581-2,6536020581,2,6995334179,X,38
6536020582-1,6536020582,1,6995275355,S,59
6536020582-2,6536020582,2,7004389949,X,60
6536020583-1,6536020583,1,6995275355,S,109
6536020583-2,6536020583,2,6995441528,I,110
6536020583-3,6536020583,3,6995534247,X,111
6536020584-1,6536020584,1,6995275355,A,
6536020584-2,6536020584,2,6995275355,P,
6536020584-3,6536020584,3,6995534247,X,
6536020585-1,6536020585,1,6995275355,A,125;134;122
6536020585-2,6536020585,2,6995275355,P,126;135;123
6536020585-3,6536020585,3,6995558040,L,127;136;124
6536020587-1,6536020587,1,6995275355,S,142
6536020587-2,6536020587,2,6995558040,L,143
6536020711-1,6536020711,1,7080879189,A,
6536020711-2,6536020711,2,7081337082,X,
6536020711-3,6536020711,3,7080881783,P,
6536020719-1,6536020719,1,7080879189,A,43;53;56;59;61;103;106;187
6536020719-2,6536020719,2,7081261397,X,44;54;57;60;62;105;108;188
6536020719-3,6536020719,3,7080881783,P,55;58;63;104;107;189;7116077535;7668793482
6536020729-1,6536020729,1,7080879189,A,67
6536020729-2,6536020729,2,7080881783,P,68
6536020729-3,6536020729,3,9777736867,X,69
6536020733-1,6536020733,1,7080879189,A,79;82;70;73;76;88;128
6536020733-2,6536020733,2,7080892573,I,81;84;72;75;78;90;129
6536020733-3,6536020733,3,7080881783,P,80;83;71;74;77;89;130
6536020739-1,6536020739,1,7080879189,A,109;112;122;125;134;181;115;131
6536020739-2,6536020739,2,7097396938,L,111;114;124;127;136;183;117;132
6536020739-3,6536020739,3,7080881783,P,110;113;123;126;135;182;116;133
6536020741-1,6536020741,1,7080879189,A,118
6536020741-2,6536020741,2,7080892573,I,121
6536020741-3,6536020741,3,7097396938,L,120
6536020741-4,6536020741,4,7080881783,P,119
6536020747-1,6536020747,1,7080879189,S,137;138;141;146;154;155;160;161;162;164;165;166;167;168;194;163;158;27;49
6536020751-1,6536020751,1,7080879189,S,142;144;148;152
6536020751-2,6536020751,2,7097396938,L,143;145;149;153
6536020786-1,6536020786,1,5240987739,A,53;61
6536020786-2,6536020786,2,5240988877,P,54;62
6536020786-3,6536020786,3,11912437253,X,55;63
6536020789-1,6536020789,1,5240987739,X,147
6536020791-1,6536020791,1,7201545353,A,192;29;19;21;27;35;51;49;47;41;43;45;31;33;150;205;202;25;190
6536020791-2,6536020791,2,7201552173,P,193;30;20;22;28;36;52;50;48;42;44;46;32;34;151;206;203;26;191
6536020792-1,6536020792,1,7201545353,S,138;137;162;166;154;160;146;147;176;161;165;169;155;141;144;158;196;163;157;197;194;167;9605181051
6536020795-1,6536020795,1,7201545353,A,128;88;76;85;82;79;73;97;131;170
6536020795-2,6536020795,2,7201552173,P,129;89;77;86;83;80;74;98;132;171
6536020795-3,6536020795,3,7195639628,I,130;90;78;87;84;81;75;133;172;9769185242
6536020797-1,6536020797,1,7201545353,S,53
6536020797-2,6536020797,2,7202017067,X,54
6536020797-3,6536020797,3,7202042770,X,55
6536020800-1,6536020800,1,7201545353,A,187;67;61
6536020800-2,6536020800,2,7201552173,P,188;68;62
6536020800-3,6536020800,3,7202176102,X,189;69;63
6536020805-1,6536020805,1,7201545353,A,106;109;103;181;64
6536020805-2,6536020805,2,7201552173,P,107;110;104;182;66
6536020805-3,6536020805,3,7202017067,X,108;111;105;183;65
6536020809-1,6536020809,1,7201545353,S,37
6536020809-2,6536020809,2,7202042770,X,38
6536020815-1,6536020815,1,7201545353,A,56;39
6536020815-2,6536020815,2,7201552173,P,57;8196108327
6536020815-3,6536020815,3,7202482941,X,58;40
6536020839-1,6536020839,1,7201545353,A,100;91;184;199;70
6536020839-2,6536020839,2,7201552173,P,101;92;185;200;71
6536020839-3,6536020839,3,7202404036,X,102;93;186;201;72
6536020848-1,6536020848,1,7201545353,S,29
6536020848-2,6536020848,2,7202469049,X,30
6536020864-1,6536020864,1,7201545353,S,190
6536020864-2,6536020864,2,7202017067,X,191
6536020888-1,6536020888,1,8818367666,A,19;23;25;27;29;31;35;39;41;45;47;49;70;97;100;33;139;150;170;176;178;184;192;173;59;147;11155669325;11194998855;11195634058;11196023910;12137178242
6536020888-2,6536020888,2,8818369383,P,20;24;26;28;30;32;36;40;42;46;48;50;71;98;101;34;140;151;171;177;179;185;193;60;7616795867;174;175;9656042425;11155672060;11195000452;11195635210;11196032643;12137186410
6536020889-1,6536020889,1,8818367666,S,21;49;85;139;144;148;152;191
6536020889-2,6536020889,2,8818389682,L,22;50;86;140;145;149;153;190
6536020895-1,6536020895,1,8818367666,S,33;156
6536020895-2,6536020895,2,8818367666,X,34;157
6536020897-1,6536020897,1,8818367666,S,37
6536020897-2,6536020897,2,8818507725,X,38
6536020900-1,6536020900,1,8818367666,A,43;53;56;103;106;109;112;115;118;122;125;128;131;134;181;187;61
6536020900-2,6536020900,2,8818389682,L,44;54;57;105;108;111;114;117;119;124;127;129;132;136;183;188;62
6536020900-3,6536020900,3,8818369383,P,7116077535;55;58;104;107;110;113;116;120;123;126;130;133;135;182;189;63
6536020906-1,6536020906,1,8818367666,S,51
6536020906-2,6536020906,2,8818749989,X,52
6536020911-1,6536020911,1,8818367666,S,64
6536020911-2,6536020911,2,8818389682,L,65
6536020911-3,6536020911,3,10348756833,X,66
6536020912-1,6536020912,1,8818367666,A,67
6536020912-2,6536020912,2,8818369383,P,68
6536020912-3,6536020912,3,8818876429,X,69
6536020920-1,6536020920,1,8818367666,A,91;94
6536020920-2,6536020920,2,8819158681,X,93;96
6536020920-3,6536020920,3,8818369383,P,92;95
6536020937-1,6536020937,1,8818367666,A,131;73;76;88;82;79
6536020937-2,6536020937,2,8818369383,P,132;74;77;89;83;80
6536020937-3,6536020937,3,8827791469,I,133;75;78;90;81;84
6536020997-1,6536020997,1,6442299787,S,192;19;45
6536020997-2,6536020997,2,6468514505,X,193;20;46
6536021003-1,6536021003,1,6442299787,S,29;197;195;35;53;39;37;7116049090
6536021003-2,6536021003,2,6442343122,X,30;7617558915;8084158802;36;54;40;38;7116052880
6536021048-1,6536021048,1,6468514505,X,169
6536021078-1,6536021078,1,6442299787,S,152
6536021078-2,6536021078,2,6519877497,X,153
6746080809-1,6746080809,1,6441812133,A,67;106;184;91;103
6746080809-2,6746080809,2,6441825992,P,68;108;185;93;105
6746080809-3,6746080809,3,6468514505,X,69;107;186;92;104
6753449817-1,6753449817,1,6441812133,A,73;76;88;170;128;79
6753449817-2,6753449817,2,6441825992,P,74;77;89;171;129;80
6753449817-3,6753449817,3,10440929669,I,75;78;90;172;130;81
6753521162-1,6753521162,1,6442299787,S,160;161;154;164;165;166;167;194;198;142;144;147;196;146;156;138;163;195;137;162
6772290327-1,6772290327,1,6441812133,A,122;125;131;118;134
6772290327-2,6772290327,2,6441825992,P,123;126;133;119;135
6772290327-3,6772290327,3,13121740592,X,124;127;132;120;136
6772313995-1,6772313995,1,6441812133,A,118
6772313995-2,6772313995,2,6441825992,P,119
6772313995-3,6772313995,3,10440929669,I,121
6772313995-4,6772313995,4,6519877497,X,120
6778441411-1,6778441411,1,6406965397,A,118
6778441411-2,6778441411,2,6406973644,P,119
6778441411-3,6778441411,3,7114868841,X,120
6778441411-4,6778441411,4,6406975137,I,121
6780090770-1,6780090770,1,6406965397,A,125;122;115;112;134
6780090770-2,6780090770,2,6406973644,P,126;123;116;113;135
6780090770-3,6780090770,3,7114901578,L,127;124;117;114;136
6812858072-1,6812858072,1,6406965397,A,181;109;106;103
6812858072-2,6812858072,2,6406973644,P,182;110;107;104
6812858072-3,6812858072,3,6900880654,X,183;111;108;105
6812861910-1,6812861910,1,6406965397,A,91;184;56
6812861910-2,6812861910,2,6406973644,P,92;185;58
6812861910-3,6812861910,3,7115089242,X,93;186;57
6812888901-1,6812888901,1,6406965397,A,192;35;7115996676;25;39;51;21;27;190;170;29
6812888901-2,6812888901,2,6406973644,P,193;36;7115998813;26;40;52;22;28;191;171;30
6813334717-1,6813334717,1,6406965397,S,85
6813334717-2,6813334717,2,6984461760,X,86
6813334717-3,6813334717,3,6406975137,I,87
6813848905-1,6813848905,1,6995275355,A,112;49;76;88;94;139;170;173;19;21;23;25;27;29;31;33;35;39;41;51;79;82;115;178;184;190;192;202;205;73;47;45;53;100;150;181;176;97
6813848905-2,6813848905,2,6995275355,P,113;50;77;89;95;140;171;174;20;22;24;26;28;30;32;34;36;40;42;52;80;83;116;179;185;191;193;203;206;74;48;46;54;101;151;182;98;9656042425
6813911949-1,6813911949,1,6406965397,A,70
6813911949-2,6813911949,2,6406973644,P,71
6813911949-3,6813911949,3,7115673373,X,72
6813951050-1,6813951050,1,6406965397,S,61;53;64
6813951050-2,6813951050,2,6900880654,X,62;54;65
6813951050-3,6813951050,3,7115704093,X,63;55;66
6813959416-1,6813959416,1,6406965397,S,59;23;7116049090;139
6813959416-2,6813959416,2,7114852898,X,60;24;7116052880;140
6813992101-1,6813992101,1,6406965397,S,34;47
6813992101-2,6813992101,2,6900880654,X,33;48
6813995678-1,6813995678,1,6406965397,S,49
6813995678-2,6813995678,2,7116070712,X,50
6814010603-1,6814010603,1,6406965397,A,43
6814010603-2,6814010603,2,6406973644,P,44
6814010603-3,6814010603,3,7116092033,X,7116077535
6814012850-1,6814012850,1,6406965397,S,137;138;147;160;158;163;166;154;164;155;165;194;162;8203357482
6814020142-1,6814020142,1,6406965397,S,144;142;141;146;152;198;148;195;8170811887
6814020142-2,6814020142,2,7114901578,L,145;143;153;149;7670070097;7669985914;8076134827;8084158802;8170813559
6814044817-1,6814044817,1,6406965397,S,150
6814044817-2,6814044817,2,10441584244,X,151
6814056290-1,6814056290,1,6406965397,S,157
6814056290-2,6814056290,2,7115089242,X,156
6814266730-1,6814266730,1,6406965397,S,161
6814266730-2,6814266730,2,7116186264,I,7116181353
6814270929-1,6814270929,1,6406965397,S,161
6814270929-2,6814270929,2,7116092033,X,8170662746
6814574334-1,6814574334,1,6406965397,S,37
6814574334-2,6814574334,2,7116162503,X,38
6820484926-1,6820484926,1,6406965397,A,178
6820484926-2,6820484926,2,6406973644,P,179
6820484926-3,6820484926,3,7114901578,L,180
6820489264-1,6820489264,1,6406965397,A,187
6820489264-2,6820489264,2,6406973644,P,188
6820489264-3,6820489264,3,6900880654,X,189
6865448042-1,6865448042,1,6865132880,S,19;138;141;146;154;160;161;164;167;168;194;195;197;198;173;37;166;27;155;157;158;163;41;69;162;196;8170866209;169
6865705177-1,6865705177,1,6865132880,S,29;137
6865705177-2,6865705177,2,6865718864,X,30;8084219749
6865723890-1,6865723890,1,6865132880,A,31;37;35;39;41;47;49;51;94;97;134;137;147;173;176;192;205;73;29;23;21;25;27;190;43;45;59;161;141;19;115;184;8170594644;8170693974;11158709753;11158841302;11158919019;11159019620;11159064358;8121425264;11194772158;11155669325;11194998855;11195634058;12110976685;12136944643;12137307255;12111120575;12153079380;12153196384;34;178
6865723890-2,6865723890,2,6865729264,P,32;38;36;40;42;48;50;52;98;135;175;177;193;206;74;30;24;22;26;28;191;46;60;7116077535;20;116;185;8084219749;7616795867;8170595858;8170662746;8170695094;99;9588279431;11158707699;11158839662;11158921081;11159017968;11159065600;8121426468;11194776791;10305564158;11155672060;11195000452;11195635210;12110978127;12136948251;12137308853;12111126080;12153080980;12153200020;95;7435077618;33;179
6865841860-1,6865841860,1,6865132880,A,61;56;91;100;103;187;202;64;184
6865841860-2,6865841860,2,6865729264,P,63;58;92;101;104;188;203;66;185
6865841860-3,6865841860,3,6865718864,X,62;57;93;102;105;189;204;65;186
6865866932-1,6865866932,1,6865132880,S,53
6865866932-2,6865866932,2,6865877655,I,54
6865866932-3,6865866932,3,6865878559,X,55
6866002191-1,6866002191,1,6865132880,A,199;70;73;76;79;82;85;88;128;131;170
6866002191-2,6866002191,2,6865729264,P,200;71;74;77;80;83;86;89;129;132;171
6866002191-3,6866002191,3,6865877655,I,201;75;78;81;84;87;90;130;133;172;72
6866098435-1,6866098435,1,6865132880,A,122;112;115;125;131;134;178;106;109;181;11168605406;11196023910;12110833665;11290720112
6866098435-2,6866098435,2,6865729264,P,123;113;116;126;133;135;179;107;110;182;11168606513;11196032643;12110839184;11290721614
6866098435-3,6866098435,3,6866104025,L,124;114;117;127;132;136;180;108;111;183;11168607725;11196048589;12110844444;11981302357
6866132788-1,6866132788,1,6865132880,A,118
6866132788-2,6866132788,2,6865729264,P,119
6866132788-3,6866132788,3,6865718864,X,120
6866132788-4,6866132788,4,6865877655,I,121
6866278769-1,6866278769,1,6865132880,S,139;148;150;152;8170811887;142;144
6866278769-2,6866278769,2,6866104025,L,140;149;151;153;8170817823;143;145
6883604136-1,6883604136,1,6442299787,S,139;141;148
6883604136-2,6883604136,2,6451206919,X,140;149;8084301972
7081256030-1,7081256030,1,7081261397,X,25
7081256030-2,7081256030,2,7080879189,S,26
7081333520-1,7081333520,1,7080879189,S,
7081333520-2,7081333520,2,7081337082,X,
7081416451-1,7081416451,1,7080879189,S,51
7081416451-2,7081416451,2,7081261397,X,52
7115580522-1,7115580522,1,6406965397,A,173
7115580522-2,7115580522,2,6406973644,P,174
7115580522-3,7115580522,3,7115593432,X,175
7194938619-1,7194938619,1,7201545353,S,59;23
7194938619-2,7194938619,2,7202155949,X,60;24
7201409055-1,7201409055,1,7201545353,A,122;94;125;173;112;115;134;178
7201409055-2,7201409055,2,7201552173,P,123;95;126;174;113;116;135;179
7201409055-3,7201409055,3,12325669690,L,124;96;127;175;114;117;136;180
7201430694-1,7201430694,1,7201545353,S,152;164;142;198;156;195;148;139
7201430694-2,7201430694,2,12325669690,L,153;143;157;8084158802;8076134827;7670003922;149;140
7202210233-1,7202210233,1,7201545353,A,118
7202210233-2,7202210233,2,7201552173,P,119
7202210233-3,7202210233,3,12325669690,L,120
7202210233-4,7202210233,4,7195639628,I,121
7374704735-1,7374704735,1,3721243445,A,106
7374704735-2,7374704735,2,3721244147,P,108
7374704735-3,7374704735,3,3721244147,P,107
7385102321-1,7385102321,1,3797857495,A,128;88;131;170;82;76
7385102321-2,7385102321,2,3797934175,I,130;90;133;172;84;78
7385102321-3,7385102321,3,3797857495,P,129;89;132;171;83;77
7385229679-1,7385229679,1,3797857495,A,106;61;187;67
7385229679-2,7385229679,2,3797857495,P,108;62;188;68
7385229679-3,7385229679,3,3797857495,P,107;63;189;69
7385240592-1,7385240592,1,3797857495,A,
7385240592-2,7385240592,2,3797857495,P,
7385353329-1,7385353329,1,3797857495,S,152;142
7385353329-2,7385353329,2,3850605163,L,153;143
7385418983-1,7385418983,1,3797857495,A,51;134
7385418983-2,7385418983,2,11124251564,X,136;8084262205
7385418983-3,7385418983,3,3797857495,P,52;135
7385502652-1,7385502652,1,3797857495,S,122;118
7385502652-2,7385502652,2,3798033189,X,123;119
7385502652-3,7385502652,3,3901681479,X,124;120
7385529946-1,7385529946,1,3797857495,A,202;91
7385529946-2,7385529946,2,3892672395,X,204;93
7385529946-3,7385529946,3,3797857495,P,203;92
7385806511-1,7385806511,1,3797857495,A,
7385806511-2,7385806511,2,3850620585,X,
7385806511-3,7385806511,3,3797857495,P,
7385839005-1,7385839005,1,3797857495,A,109;181
7385839005-2,7385839005,2,3901671931,X,111;183
7385839005-3,7385839005,3,3797857495,P,110;182
7385895035-1,7385895035,1,3797857495,A,103;125;56
7385895035-2,7385895035,2,3892641616,X,105;127;57
7385895035-3,7385895035,3,3797857495,P,104;126;58
7411046836-1,7411046836,1,9285578960,A,94;19;21;23;25;27;29;31;33;35;37;39;41;45;47;49;51;202;53;59;70;97;100;112;139;161;173;176;178;190;192;199;131;11155669325;11158919019;11159145873;11194998855;11195634058;11196023910;147;12136944643;137
7411046836-2,7411046836,2,3797520096,P,95;20;22;24;26;28;30;32;34;36;38;40;42;46;48;50;52;203;55;60;71;98;101;113;140;174;177;179;191;193;200;132;11155672060;11158921081;11159147097;7669238836;11195000452;11195635210;11196032643;7616795867;12136948251;10492975831
7411097016-1,7411097016,1,3902121070,S,29
7411181386-1,7411181386,1,9285578960,A,43;61;67;181;103;106;109;187;56;64;112;184
7411181386-2,7411181386,2,3797534174,X,7116077535;63;69;182;104;107;110;189;58;66;113;185
7411181386-3,7411181386,3,3797520096,P,44;62;68;183;105;108;111;188;57;65;114;186
7436238819-1,7436238819,1,9285578960,A,73;76;79;82;85;88;115;131;128;170;125
7436238819-2,7436238819,2,3797520096,P,74;77;80;83;86;89;117;132;129;171;127
7436238819-3,7436238819,3,3797565301,I,75;78;81;84;87;90;116;133;130;172;126
7436483785-1,7436483785,1,9285578960,A,115;122;134;109;91
7436483785-2,7436483785,2,3797520096,P,116;123;135;110;92
7436483785-3,7436483785,3,3797601094,L,117;124;136;111;9587654790
7436606406-1,7436606406,1,9285578960,A,118
7436606406-2,7436606406,2,3797520096,P,119
7436606406-3,7436606406,3,3797565301,I,121
7436606406-4,7436606406,4,3797601094,L,120
7436890800-1,7436890800,1,3902121070,S,152;146;148;142;144
7436890800-2,7436890800,2,3797601094,L,153;149;7670070097;143;145
7437678350-1,7437678350,1,3996924451,A,19;25;31;47;43;41;21;170;176;187;192;190;184;100;94;85;97;139;8170594644;11340599936
7437678350-2,7437678350,2,3996927147,P,20;26;32;48;44;42;22;171;177;188;193;7650256289;185;101;95;86;98;140;8170595858;11340601242
7437693214-1,7437693214,1,3996924451,A,128;131;45;88;82;79;76;73
7437693214-2,7437693214,2,3996927147,P,129;132;46;89;83;80;77;74
7437693214-3,7437693214,3,3996931849,I,130;133;90;7116151319;84;81;78;75
7437727200-1,7437727200,1,3996924451,A,181;109;103;61;64
7437727200-2,7437727200,2,3996927147,P,182;110;104;62;65
7437727200-3,7437727200,3,3996956227,X,183;111;105;63;66
7437815073-1,7437815073,1,3997036702,X,163;157;167
7437819590-1,7437819590,1,3996924451,S,158;160;138;141;146;195;154;155;161;165;166;194;162;198;137;164;11340530583
7437842975-1,7437842975,1,3996924451,S,51
7437842975-2,7437842975,2,3996924451,X,52
7437867588-1,7437867588,1,3996924451,A,147
7437867588-2,7437867588,2,3996927147,P,7616795867
7437881880-1,7437881880,1,3996924451,S,152;142;148;144
7437881880-2,7437881880,2,8349947306,L,153;143;149;145
7443964678-1,7443964678,1,5291654559,X,53;64
7443964678-2,7443964678,2,5241072923,X,66;55
7443964678-3,7443964678,3,5241181180,X,54;65
7445923583-1,7445923583,1,3996924451,S,27;150;29
7445923583-2,7445923583,2,3997056735,X,28;151;30
7791577823-1,7791577823,1,3866174560,X,25
7791577823-2,7791577823,2,3892270291,X,26
7797347822-1,7797347822,1,3833974892,A,94
7797347822-2,7797347822,2,3839685245,X,96
7797347822-3,7797347822,3,3892270291,P,95
7806644078-1,7806644078,1,3833974892,S,51
7806644078-2,7806644078,2,3892398363,X,52
7918611373-1,7918611373,1,7911271655,A,94;70;56;202;184;100;97;199;91;173
7918611373-2,7918611373,2,7911276548,P,95;71;58;203;185;101;200;92;99;174
7918611373-3,7918611373,3,7911750067,X,96;72;57;204;186;102;98;175;93;201
7918723447-1,7918723447,1,7911271655,S,85
7918723447-2,7918723447,2,7911839146,X,86
7918723447-3,7918723447,3,7911308161,I,87
7978788546-1,7978788546,1,7918806868,X,64
7978788546-2,7978788546,2,10026612471,X,66
7978788546-3,7978788546,3,7911839146,X,65
8082708263-2,8082708263,2,6468514505,X,158
8111021185-1,8111021185,1,3797534174,X,169
8195306103-1,8195306103,1,4445257393,A,178;181;106;109;115;118;103
8195306103-2,8195306103,2,4445262885,P,179;182;107;110;116;119;104
8195306103-3,8195306103,3,4445258970,X,180;108;111;117;120;183;105
8195607479-1,8195607479,1,5819277716,S,148
8195607479-2,8195607479,2,5838505862,X,149
8195624828-1,8195624828,1,5819277716,S,152;142;144
8195624828-2,8195624828,2,5838596319,L,153;143;145
8196509400-1,8196509400,1,8083330622,S,144;162;37;137;138;141;147;196;160;167;166;154;155;163;164;165;169;197;161;194
8212111459-1,8212111459,1,3833974892,S,85
8212111459-2,8212111459,2,3833976654,L,86
8212111459-3,8212111459,3,3833984981,I,87
8264294048-1,8264294048,1,8083330622,A,109;103;106;187;181;184
8264294048-2,8264294048,2,8413353553,X,111;105;108;188;183;186
8264294048-3,8264294048,3,8083333934,P,110;104;107;189;182;185
8264294052-1,8264294052,1,8083330622,A,134
8264294052-2,8264294052,2,8083333934,P,135
8264294052-3,8264294052,3,8455294908,X,136
8264294055-1,8264294055,1,8083330622,S,53
8264294055-2,8264294055,2,8455851850,X,54
8264294087-1,8264294087,1,8413353553,X,156;33
8264294087-2,8264294087,2,8083330622,S,157;34
8290896275-1,8290896275,1,9346521521,X,29;205
8290896275-2,8290896275,2,3797520096,X,30;206
8343886238-1,8343886238,1,3996924451,S,56
8343886238-2,8343886238,2,3997056735,X,57
8343886238-3,8343886238,3,8343910876,X,58
8343886320-1,8343886320,1,3798134060,A,122;134;173;125;7110123211
8343886320-2,8343886320,2,9604703507,X,124;136;174;127;11566579214
8343886320-3,8343886320,3,3798303864,P,123;135;175;126;7110124323
8343886324-1,8343886324,1,3798134060,A,56
8343886324-2,8343886324,2,3798439534,X,57
8343886324-3,8343886324,3,3798303864,P,58
8343886333-1,8343886333,1,3798134060,X,59;155;67
8343886333-2,8343886333,2,3798302261,X,60;8074452597;68
8343886336-1,8343886336,1,3798318557,X,27
8343886346-1,8343886346,1,3798134060,X,152
8343886346-2,8343886346,2,3857094608,X,153
8343886365-1,8343886365,1,3798303864,I,198;37
8343886365-2,8343886365,2,9076066673,X,9075670042;38
8343886366-1,8343886366,1,3798303864,I,148
8343886366-2,8343886366,2,9604703507,X,149
8343886367-1,8343886367,1,3798303864,I,150
8343886367-2,8343886367,2,9075623131,X,151
8343886372-1,8343886372,1,3798134060,A,118
8343886372-2,8343886372,2,3798303864,P,119
8343886372-3,8343886372,3,3798394299,I,121
8343886372-4,8343886372,4,9604703507,X,120
8343886374-1,8343886374,1,3798318557,X,202
8343886374-2,8343886374,2,3876644125,X,204
8343886374-3,8343886374,3,3798303864,I,203
8343886377-1,8343886377,1,3798134060,A,
8343886377-2,8343886377,2,9069537823,X,
8343886377-3,8343886377,3,3798303864,P,
8343886379-1,8343886379,1,3798134060,A,91;184
8343886379-2,8343886379,2,3876644125,X,93;186
8343886379-3,8343886379,3,3798303864,P,92;185
8395044003-1,8395044003,1,4568512665,S,112
8395044003-2,8395044003,2,4568795537,X,113
8395044003-3,8395044003,3,6813725698,L,114
8396097647-1,8396097647,1,3721243445,A,134;122
8396097647-2,8396097647,2,3721244147,P,135;123
8396097647-3,8396097647,3,3721247635,L,136;124
8403569951-1,8403569951,1,4568512665,S,155;59;198
8403569951-2,8403569951,2,6813725698,L,60;8074452597;8076134827
8413570789-1,8413570789,1,8083330622,S,47;49
8413570789-2,8413570789,2,8413353553,X,48;50
8628483606-1,8628483606,1,8083330622,A,122;125;178;115;173
8628483606-2,8628483606,2,8083333934,P,123;126;179;116;174
8628483606-3,8628483606,3,8628519917,L,124;127;180;117;175
8628677223-1,8628677223,1,8083330622,S,139;142;146;148;152;198;195
8628677223-2,8628677223,2,8628519917,L,140;7670070097;149;153;143;8076134827;8084158802
8637238044-1,8637238044,1,8413353553,X,158
8827854105-1,8827854105,1,8818367666,S,137;138;146;154;155;158;160;161;163;164;165;166;167;194;169;168;141;144;162
8834356159-1,8834356159,1,3996924451,A,122;134;118;115;112;178;125
8834356159-2,8834356159,2,3996927147,P,123;135;119;116;113;179;126
8834356159-3,8834356159,3,8349947306,L,124;136;120;117;114;180;127
8834636685-1,8834636685,1,3996924451,S,64
8834636685-2,8834636685,2,3996956227,X,65
8834636685-3,8834636685,3,8834653821,X,66
9000132757-1,9000132757,1,9225954112,A,19;21;23;25;29;31;35;39;47;49;150;139;51;37;33;34;56;53;59;85;88;91;94;97;205;67;76;79;100;70;73;103;112;115;118;128;131;27;192;176;190;178;187;41;45;181;43
9000132757-2,9000132757,2,9001085766,P,20;22;24;26;30;32;36;40;48;50;151;140;52;38;57;54;60;86;89;92;95;98;206;68;77;80;101;71;74;104;113;116;119;129;132;28;58;193;177;191;179;188;42;46;182;44;9588279431
9001123828-1,9001123828,1,9001138205,I,27;139;29
9001123828-2,9001123828,2,9001085766,X,28;140;30
9008433573-1,9008433573,1,9224892496,S,167;165;164;169;163;162;160;158;154;161;147;146;142;141;138;137;155;194;166;144;15609953866
9008490309-1,9008490309,1,9224892496,S,169;168
9050751309-1,9050751309,1,9225954112,A,64;61
9050751309-2,9050751309,2,9001085766,P,65;62
9050751309-3,9050751309,3,9587420160,X,66;63
9121252604-1,9121252604,1,9225954112,A,109;106;184;67;88;118
9121252604-2,9121252604,2,9001085766,P,110;108;186;68;89;119
9121252604-3,9121252604,3,9001138205,I,111;107;185;69;90;120
9121656408-1,9121656408,1,9225954112,A,125;122;134
9121656408-2,9121656408,2,9001085766,P,126;123;135
9121656408-3,9121656408,3,9121661476,X,127;124;136
9180643245-1,9180643245,1,9224892496,S,156;56
9180643245-2,9180643245,2,9181957936,X,157;58
9182060786-1,9182060786,1,9224892496,S,152;148
9182060786-2,9182060786,2,9121661476,X,153;149
9182151972-1,9182151972,1,9224892496,S,64
9182151972-2,9182151972,2,9587420160,X,66
9242911984-1,9242911984,1,9224892496,S,156
9242911984-2,9242911984,2,,X,157
9268861843-1,9268861843,1,8083330622,A,131
9268861843-2,9268861843,2,8083333934,P,132
9268861843-3,9268861843,3,8455851850,X,133
9526784738-1,9526784738,1,3737373736,S,142;144
9526784738-2,9526784738,2,9526797949,L,143;145
9527567027-1,9527567027,1,3737373736,S,176
9527567027-2,9527567027,2,9527575881,X,177
9588500497-1,9588500497,1,3797520096,X,194
9603947126-1,9603947126,1,8455654874,A,82;91
9603947126-2,9603947126,2,8455654874,P,83;93
9603947126-3,9603947126,3,8455654874,I,84;92
9603947126-4,9603947126,4,8456434897,L,9603936083;7980268830
9769467002-1,9769467002,1,8455654874,I,205
9769467002-2,9769467002,2,9769471697,X,206
9778351205-1,9778351205,1,7080879189,S,
9778351205-2,9778351205,2,7081261397,X,
9778351205-3,9778351205,3,9777736867,X,
9794148427-1,9794148427,1,6441812133,X,205
9794148427-2,9794148427,2,9794159362,X,206
9838553945-1,9838553945,1,3833974892,A,82
9838553945-2,9838553945,2,3892270291,P,83
9838553945-3,9838553945,3,3892270291,P,9603936083
9976609648-1,9976609648,1,3737373736,A,122
9976609648-2,9976609648,2,3737374710,P,123
9976609648-3,9976609648,3,9526797949,L,124
10320350300-1,10320350300,1,4445257393,S,152;144;142
10320350300-2,10320350300,2,10320354143,L,153;145;143
10519275592-1,10519275592,1,3866239171,S,64
10519275592-2,10519275592,2,10512735274,X,66
10624947903-1,10624947903,1,4522560507,S,148;150;142;152;146
10624947903-2,10624947903,2,10624962527,L,149;151;143;153;7670070097
11073420082-1,11073420082,1,3797857495,S,164;144
11073420082-2,11073420082,2,3850605163,L,7670003922;145
11073509873-1,11073509873,1,3797857495,S,53
11073509873-2,11073509873,2,3892641616,X,54
11230097083-1,11230097083,1,11237218450,S,59
11230097083-2,11230097083,2,11244288762,X,60
11290375323-1,11290375323,1,4568512665,S,49
11290375323-2,11290375323,2,11290384606,X,50
11314935309-1,11314935309,1,4522850980,A,64
11314935309-2,11314935309,2,4522863495,P,65
11314935309-3,11314935309,3,11314939158,X,66
11340492614-1,11340492614,1,4568512665,S,11340480980
11340492614-2,11340492614,2,4568702890,X,11340482554
11340492614-3,11340492614,3,4568533346,I,11340485042
11349361511-1,11349361511,1,7080879189,S,156
11349361511-2,11349361511,2,7080879189,X,157
11410652815-1,11410652815,1,4445257393,S,150
11410652815-2,11410652815,2,4445257393,X,151
11618476637-1,11618476637,1,4445262885,X,202
11618476637-2,11618476637,2,4445258970,X,204
11618476637-3,11618476637,3,4445387613,X,203
11686527954-1,11686527954,1,3737373736,S,115;125
11686527954-2,11686527954,2,3796490959,X,116;126
11686527954-3,11686527954,3,9526797949,L,117;127
11722176718-1,11722176718,1,4522560507,A,112;118;115;122;125;181
11722176718-2,11722176718,2,4522560507,P,113;119;116;123;126;182
11722176718-3,11722176718,3,10624962527,L,114;120;117;124;127;183
11799217784-1,11799217784,1,3796490959,X,11799205062
11799217784-2,11799217784,2,11799254606,X,11799205580
11981290811-1,11981290811,1,4568512665,S,53
11981290811-2,11981290811,2,4568577282,X,54
12074721721-1,12074721721,1,3737373736,S,138
12074721721-2,12074721721,2,3796490959,X,9553918673
12188062819-1,12188062819,1,8083330622,A,100
12188062819-2,12188062819,2,8083333934,P,101
12188062819-3,12188062819,3,8413062418,X,9258968494
12197033965-1,12197033965,1,5291654559,X,67;144
12197033965-2,12197033965,2,5241066089,L,68;145
12222577952-1,12222577952,1,3720896347,S,53
12222577952-2,12222577952,2,3721088397,X,54
12222577952-3,12222577952,3,3721058926,X,55
12275228306-1,12275228306,1,8083330622,A,64
12275228306-2,12275228306,2,8083333934,P,66
12275228306-3,12275228306,3,12275242178,X,65
12333830468-1,12333830468,1,4445257393,S,61;64
12333830468-2,12333830468,2,4445258970,X,62;65
12333830468-3,12333830468,3,12333839069,X,63;66
12333881386-1,12333881386,1,7201545353,S,
12333881386-2,12333881386,2,12333890968,X,
12333881386-3,12333881386,3,7202017067,X,
12333943651-1,12333943651,1,7080879189,S,64
12333943651-2,12333943651,2,7081261397,X,65
12333943651-3,12333943651,3,12333946861,X,66
12333951523-1,12333951523,1,3833974892,S,64
12333951523-2,12333951523,2,3833976654,L,65
12333951523-3,12333951523,3,12333954831,X,66
12334020034-1,12334020034,1,3797857495,S,64
12334020034-2,12334020034,2,3850620585,X,65
12334020034-3,12334020034,3,12334023675,X,66
12335165860-1,12335165860,1,6995275355,A,131
12335165860-2,12335165860,2,6995275355,P,133
12335165860-3,12335165860,3,6995275355,P,132
12377991904-1,12377991904,1,5819277716,S,51
12377991904-2,12377991904,2,5838343599,X,52
12378040230-1,12378040230,1,5819277716,A,53
12378040230-2,12378040230,2,5819277716,P,54
12378040230-3,12378040230,3,12378074397,X,55
12499764155-1,12499764155,1,3796601994,A,
12499764155-2,12499764155,2,3796648771,P,
12499764155-3,12499764155,3,12499897703,X,
12517748421-1,12517748421,1,7911271655,S,154
12517748421-2,12517748421,2,13485574125,X,7110048951
12517893404-1,12517893404,1,7911271655,S,161
12517893404-2,12517893404,2,7911308161,I,7116181353
12524840673-1,12524840673,1,4445257393,A,122;134;131;125
12524840673-2,12524840673,2,4445262885,P,123;135;133;126
12524840673-3,12524840673,3,10320354143,L,124;136;132;127
12524879924-1,12524879924,1,4445257393,S,67
12524879924-2,12524879924,2,4445258970,X,68
12524879924-3,12524879924,3,12524889682,X,69
12524897857-1,12524897857,1,4445257393,S,154
12524897857-2,12524897857,2,12524901033,X,7110048951
12653839499-1,12653839499,1,5291654559,X,59
12653839499-2,12653839499,2,5241181180,X,60
12654952470-1,12654952470,1,5291654559,X,139;51
12654952470-2,12654952470,2,12654960280,I,7650232075;52
12706805092-1,12706805092,1,3720896347,A,184
12706805092-2,12706805092,2,3720897935,P,185
12706805092-3,12706805092,3,3721088397,X,186
12706805092-4,12706805092,4,3721129918,X,12706812793
12732168441-1,12732168441,1,12732189519,A,88;82;79;76;73;41;170;70
12732168441-2,12732168441,2,12732190611,P,89;83;80;77;74;42;171;71
12732168441-3,12732168441,3,12732191686,I,90;84;81;78;75;172;72;7435077618
12732199007-1,12732199007,1,12732189519,A,134;118;125;122;128;91;181;131
12732199007-2,12732199007,2,12732190611,P,135;119;126;123;130;92;182;133
12732199007-3,12732199007,3,12732207049,L,136;120;127;124;129;9587654790;183;132
12732293737-1,12732293737,1,12732189519,A,178
12732293737-2,12732293737,2,12732190611,P,179
12732293737-3,12732293737,3,12732329350,X,180
12732317407-1,12732317407,1,12732189519,A,173;85;35;25;23;49;47;19;41;39;21;91;97;88;205;43;27;51;112;82;139;37;176;13303942085;94;45
12732317407-2,12732317407,2,12732190611,P,175;86;36;26;24;50;48;20;42;40;22;92;98;89;206;28;52;113;83;140;38;9656042425;13303943261;95;46
12732333804-1,12732333804,1,12732189519,A,106;103;187
12732333804-2,12732333804,2,12732190611,P,107;104;189
12732333804-3,12732333804,3,12732351241,X,108;105;188
12732492625-1,12732492625,1,12732189519,A,184;202;56
12732492625-2,12732492625,2,12732190611,P,185;203;58
12732492625-3,12732492625,3,12733349826,X,186;204;57
12732560131-1,12732560131,1,12732189519,S,64
12732560131-2,12732560131,2,12732351241,X,65
12732560131-3,12732560131,3,12732569051,X,66
12732586939-1,12732586939,1,12732189519,A,67
12732586939-2,12732586939,2,12732190611,P,68
12732586939-3,12732586939,3,12732569051,X,69
12732698953-1,12732698953,1,12732189519,S,32;41;138;141;146;160;158;163;157;162;167;154;166;137;169;164;165;194;161;197;12739764489;147;15609953866
12733000513-1,12733000513,1,12732189519,S,139;152;195;144;142;148;131;100
12733000513-2,12733000513,2,12732207049,L,140;153;8084158802;145;143;149;132;13519242961
12733340625-1,12733340625,1,12732189519,S,150;198
12733340625-2,12733340625,2,12733349826,X,151;9075670042
12733515115-1,12733515115,1,12732189519,S,59
12733515115-2,12733515115,2,12732351241,X,60
12739494680-1,12739494680,1,5240987739,A,115
12739494680-2,12739494680,2,5240988877,P,116
12739494680-3,12739494680,3,12739498579,X,117
12739553024-1,12739553024,1,5240987739,A,56
12739553024-2,12739553024,2,5240988877,P,57
12739553024-3,12739553024,3,12739557748,X,58
12739663728-1,12739663728,1,5240988877,S,205
12739663728-2,12739663728,2,11912437253,X,206
12982940026-1,12982940026,1,6441812133,X,64
12982940026-2,12982940026,2,12982942811,X,66
12982940026-3,12982940026,3,6442343122,X,65
13104662529-1,13104662529,1,4567000107,A,118
13104662529-2,13104662529,2,4567001063,P,119
13104662529-3,13104662529,3,4567030827,X,120
13104662529-4,13104662529,4,4567009252,I,121
13104688890-1,13104688890,1,4567000107,S,142;144
13104688890-2,13104688890,2,6381995994,L,143;145
13302558231-1,13302558231,1,12732189519,S,29;33;190
13302558231-2,13302558231,2,12732189519,X,30;34;191
13346370484-1,13346370484,1,12732189519,A,103;100
13346370484-2,13346370484,2,12732190611,P,105;102
13346370484-3,13346370484,3,13346375917,X,104;101
13346623298-1,13346623298,1,12732189519,S,53
13346623298-2,13346623298,2,12732351241,X,54
13346623298-3,13346623298,3,13346629005,X,55
13369639161-1,13369639161,1,12732189519,A,115;181;109
13369639161-2,13369639161,2,12732190611,P,116;182;110
13369639161-3,13369639161,3,12733206313,X,117;183;111
13408028728-1,13408028728,1,11237218450,A,64
13408028728-2,13408028728,2,13408050418,X,66
13408028728-3,13408028728,3,4656228528,P,65
13424931875-1,13424931875,1,11237218450,S,12111120575
13424931875-2,13424931875,2,4656231573,X,12111126080
13465822749-1,13465822749,1,4568512665,A,125
13465822749-2,13465822749,2,4568512665,P,126
13465822749-3,13465822749,3,13465831976,X,127
14375122626-1,14375122626,1,10561673899,X,
14375122626-2,14375122626,2,4567009252,I,
14375122626-3,14375122626,3,4567030827,X,
