ID,Name,Description,Media_Type,Download_URL,Path_In_Zip
credits,credits.md,credits page,text/markdown,media/credits.md,
database,database.md,database page,text/markdown,media/database.md,
project,project.md,project page,text/markdown,media/project.md,
questionnaire,ValencyDBQuestionnaireManual.pdf,Valency Database Questionnaire Manual,application/pdf,media/ValencyDBQuestionnaireManual.pdf,
terms,terms.csv,Glossary,text/csv,media/terms.csv,
comments-stan1293,comments-stan1293.md,Comments on stan1293,text/markdown,media/comments-stan1293.md,
comments-stan1318,comments-stan1318.md,Comments on stan1318,text/markdown,media/comments-stan1318.md,
comments-stan1295,comments-stan1295.md,Comments on stan1295,text/markdown,media/comments-stan1295.md,
comments-hokk1249,comments-hokk1249.md,Comments on hokk1249,text/markdown,media/comments-hokk1249.md,
comments-djam1255,comments-djam1255.md,Comments on djam1255,text/markdown,media/comments-djam1255.md,
comments-nenn1238,comments-nenn1238.md,Comments on nenn1238,text/markdown,media/comments-nenn1238.md,
comments-ainu1240,comments-ainu1240.md,Comments on ainu1240,text/markdown,media/comments-ainu1240.md,
comments-bora1263,comments-bora1263.md,Comments on bora1263,text/markdown,media/comments-bora1263.md,
comments-ital1282,comments-ital1282.md,Comments on ital1282,text/markdown,media/comments-ital1282.md,
comments-kett1243,comments-kett1243.md,Comments on kett1243,text/markdown,media/comments-kett1243.md,
comments-yuca1254,comments-yuca1254.md,Comments on yuca1254,text/markdown,media/comments-yuca1254.md,
comments-yaqu1251,comments-yaqu1251.md,Comments on yaqu1251,text/markdown,media/comments-yaqu1251.md,
comments-kore1280,comments-kore1280.md,Comments on kore1280,text/markdown,media/comments-kore1280.md,
comments-icel1247,comments-icel1247.md,Comments on icel1247,text/markdown,media/comments-icel1247.md,
comments-east2526,comments-east2526.md,Comments on east2526,text/markdown,media/comments-east2526.md,
